0;1;2;3;4;5;6;7;8;9;10;11
0.503747558595;0.49919128417975;0.50035614013675;0.5003648191879999;0.497693781935;0.49443841255500004;0.49351339285714285;0.5028794642857143;0.535125;0.5000211353302;0.49997970581054685;0.5000087099075312
0.5036572265625;0.49950439453125;0.500171356201175;0.500192676088075;0.497493504465;0.4947924827025;0.49394642857142856;0.5027477678571428;0.5346607142857143;0.5000206356048593;0.4999791564941406;0.5000086355209343
0.50359375;0.4994439697265;0.5000237274169925;0.50028180524025;0.49745289205250004;0.49491976772;0.49436160714285715;0.5025513392857143;0.5341428571428571;0.5000201187133781;0.4999786663055406;0.5000085659027094
0.5035571289075;0.49937194824225;0.49994972229004997;0.5003324743555;0.4974335475975;0.4949794989025;0.4946964285714286;0.5023816964285714;0.5336964285714285;0.5000195846557625;0.49997823524475;0.5000085010528563
0.5035180664075;0.49936706542975;0.49997314453125;0.5002701568275;0.497439420375;0.495020369805;0.4948482142857143;0.5022388392857143;0.5332321428571428;0.5000190505981438;0.4999778041839594;0.5000084362030031
0.5034228515625;0.499337158203;0.500110473632825;0.500156434603925;0.49755635016425004;0.4950157334725;0.494875;0.5021294642857143;0.5328035714285714;0.5000185165405281;0.49997737312316876;0.50000837135315
0.5034594726575;0.49949127197274995;0.50004276275635;0.5000343157427;0.49740651854999995;0.495154523435;0.4946964285714286;0.5020602678571429;0.5323928571428571;0.5000179920196531;0.49997696113586565;0.5000083150863656
0.5034765625;0.49956146240225;0.50009765625;0.49989484623689995;0.49736472668000004;0.49519075423750003;0.49448660714285714;0.5019966517857143;0.5319285714285714;0.5000174770355219;0.4999765682220469;0.50000826740265
0.5033422851575;0.49963958740225006;0.4998112487793;0.4999978242533545;0.49728331860749997;0.49551102242;0.494375;0.5019084821428571;0.5313928571428571;0.5000169620513907;0.49997617530822813;0.5000082197189344
0.5033349609375;0.49984283447265;0.4994885253905;0.50002451837606;0.49704871899749997;0.49585755942750004;0.49437053571428574;0.5018013392857142;0.530875;0.5000164470672593;0.4999757823944094;0.5000081720352187
0.5033642578125;0.50009620666505;0.4993908691405;0.499861604458625;0.49688506279;0.49609410540750004;0.49460714285714286;0.5016328125;0.5303392857142857;0.500015939712525;0.4999754085540781;0.5000081062316907
0.5033422851575;0.5000569152832;0.49926574707025;0.49993780504305;0.49683847290750005;0.496190757845;0.4948392857142857;0.5015256696428572;0.529875;0.5000154399871812;0.4999750537872313;0.50000802230835
0.50338623047;0.499944496154775;0.49945098876950006;0.499844632029825;0.496903239265;0.49603133239499997;0.49510714285714286;0.5013995535714286;0.5293214285714286;0.5000149402618407;0.4999746990203844;0.5000079383850093
0.5035009765625;0.500124053955075;0.49963287353525;0.49953250557150003;0.4968325885775;0.49603168057;0.49538392857142854;0.5013247767857143;0.5289464285714286;0.5000144405365;0.4999743442535406;0.5000078544616687
0.50357421875;0.5004208374022501;0.49978622436522496;0.499164996366;0.4967613912675;0.4961538847675;0.49554910714285716;0.5012544642857143;0.5284285714285715;0.5000139408111562;0.4999740409851062;0.5000077719688406
0.5035766601575;0.5005993652345;0.499994621276855;0.4988581550815;0.4968103084525;0.4962062366925;0.4956049107142857;0.50121875;0.5279107142857142;0.5000134410858156;0.4999737892150875;0.500007690906525
0.50362060547;0.5007318115235;0.5000562286376999;0.49867767297525;0.496769123225;0.496291538075;0.4956674107142857;0.5011908482142857;0.527375;0.500012941360475;0.4999735374450688;0.5000076098442062
0.50373046875;0.50097839355475;0.5000312614441;0.49846535179025;0.49661265201000004;0.49647757309;0.4956964285714286;0.5011540178571429;0.5268214285714286;0.5000124416351313;0.49997328567505;0.5000075287818906
0.503806152345;0.501196899414;0.499992446899415;0.498291432948;0.4964906922575;0.49667236558750005;0.4957075892857143;0.5011255580357142;0.5262678571428572;0.5000119256973281;0.49997305870056247;0.5000074567794812
0.503857421875;0.5012646484375;0.49989852905272497;0.4982657400275;0.49639489453249996;0.49680365779749996;0.49578794642857144;0.5010809151785715;0.5257142857142857;0.5000113935470594;0.4999728565216063;0.500007393836975
0.503942871095;0.501317138672;0.49981994628904997;0.49823193106525004;0.4962811359575;0.4969020965325;0.49592857142857144;0.5010145089285715;0.5251428571428571;0.5000108613967906;0.49997265434265;0.5000073308944687
0.5040283203125;0.50139770507825;0.49977462768555;0.49815649037375;0.496180623275;0.49700444940250005;0.4961205357142857;0.5009319196428571;0.5245714285714286;0.5000103292465219;0.49997245216369685;0.5000072679519656
0.5041064453125;0.50147583007825;0.4997866821289;0.498045020163;0.496115804615;0.497078630705;0.4962633928571429;0.5008744419642858;0.524;0.5000098533630375;0.4999722652435312;0.5000071945190437
0.5041821289075;0.5015234375;0.49987060546875;0.49790417169725;0.4960922745475;0.49709380735500003;0.4963772321428571;0.5008002232142857;0.5234642857142857;0.5000094337463374;0.49997209358215317;0.5000071105957031
0.5042626953125;0.501590576172;0.499966564178475;0.4977408668985;0.4960692177075;0.49711673763500003;0.4964263392857143;0.50076953125;0.5229107142857143;0.5000090141296375;0.499971921920775;0.5000070266723625
0.504345703125;0.5017041015625;0.500042304992675;0.49756161092374995;0.4960317709025;0.497186465245;0.4964419642857143;0.50072265625;0.5223392857142857;0.5000085945129407;0.4999717502594;0.500006942749025
0.50442138672;0.50186157226575;0.5000772857666;0.497386325335;0.49598066102;0.49731641399250004;0.49643973214285714;0.5007126116071429;0.5218035714285715;0.5000081720352187;0.4999716148376469;0.5000068812370312
0.504482421875;0.5019763183595;0.500071334838875;0.49727329859249997;0.49593001165250006;0.49744235404250003;0.4964330357142857;0.5006908482142857;0.5212321428571428;0.5000077466964719;0.4999715156555188;0.5000068421363844
0.504528808595;0.5020544433595;0.500042457580575;0.49720577138250005;0.49588641622;0.49755798590550004;0.496453125;0.5006947544642857;0.5206607142857143;0.5000073213577282;0.4999714164733875;0.5000068030357375
0.5045825195325;0.5021337890625;0.49997797012329;0.4971617086875;0.4958214139325;0.497691173312;0.49653125;0.5006512276785714;0.5200892857142857;0.5000068960189813;0.4999713172912594;0.5000067639350907
0.5046142578125;0.50216796875;0.4999073791504;0.4971586472475;0.4957765653925;0.49779892630050004;0.49665625;0.5006473214285714;0.5194821428571429;0.5000064783096312;0.4999712314605719;0.5000067043304438
0.5046215820325;0.50218017578125;0.49982162475585;0.49718942586;0.49574775793000003;0.4979038749925;0.4968102678571429;0.5006467633928572;0.5189107142857143;0.500006068229675;0.4999711589813219;0.5000066242218031
0.5046337890625;0.502177734375;0.4997454833985;0.49722163929499996;0.495719705065;0.4979889722245;0.4969799107142857;0.5006339285714285;0.5183214285714286;0.5000056581497188;0.499971086502075;0.5000065441131594
0.5046313476575001;0.50217529296875;0.499677734375;0.49725410318;0.495708423215;0.49807232428299997;0.49714285714285716;0.5006294642857143;0.5177678571428571;0.5000052480697625;0.4999710140228281;0.5000064640045156
0.50461669922;0.50216552734375;0.49961578369149995;0.4972923572025;0.4957105394175;0.49814825990925;0.49728125;0.5006199776785715;0.5171696428571428;0.5000048706531531;0.4999709262847906;0.5000063977241531
0.5046044921875;0.502177734375;0.49956451416024994;0.49731025831500003;0.495715084725;0.49823369883275004;0.497359375;0.5006199776785715;0.5166071428571428;0.5000045258998875;0.4999708232879625;0.5000063452720657
0.50458984375;0.50219848632825;0.49952026367175;0.49732042069000004;0.49572501858249995;0.49832130587150003;0.497390625;0.5006501116071429;0.5160267857142857;0.5000041811466219;0.49997072029113754;0.5000062928199781
0.504560546875;0.50220825195325;0.49946472167975;0.49735220315749995;0.49574248784;0.49840788185949997;0.4974017857142857;0.50067578125;0.5154464285714285;0.5000038363933562;0.49997061729431247;0.5000062403678907
0.50453125;0.50223266601575;0.49941009521475005;0.49737634906500006;0.49576049697499996;0.4985040326815;0.497359375;0.5006752232142857;0.5149107142857143;0.5000035147666937;0.4999705657958969;0.5000061826705938
0.5045043945325;0.50227172851575;0.49936340332025;0.49738702044;0.4957803541975;0.4986056685715;0.4973080357142857;0.5006802455357143;0.5143660714285714;0.5000032162666312;0.4999705657958969;0.5000061197280875
0.50446044922;0.502303466797;0.4993322753905;0.4973989976025;0.495822374595;0.49869568188825;0.49727678571428574;0.5007176339285714;0.5138571428571429;0.5000029177665709;0.4999705657958969;0.5000060567855843
0.5044360351575;0.5023095703125;0.499331665039;0.49739717329500005;0.49585982549499996;0.4987423537245;0.4972276785714286;0.5007410714285714;0.5132767857142857;0.50000261926651;0.4999705657958969;0.5000059938430781
0.504423828125;0.5023095703125;0.49933959960925;0.49738872488749997;0.49588956629250003;0.49877517684925;0.49718973214285717;0.5007650669642857;0.5127232142857143;0.5000023446083068;0.49997055053710937;0.500005927085875
0.504411621095;0.50233154296875;0.49935363769525;0.49736461647249997;0.49592268331;0.498821559606;0.49718303571428574;0.5007996651785714;0.5121517857142858;0.5000020937919616;0.49997052001953124;0.5000058565139781
0.50439453125;0.50236572265625;0.499375;0.4973314822925;0.49596385033749996;0.498873929672;0.49720535714285713;0.5008303571428572;0.5115803571428571;0.5000018429756166;0.4999704895019531;0.5000057859420781
0.5043896484375;0.50239990234375;0.49940765380850005;0.4972861359925;0.49599904416999996;0.498916585071;0.4972433035714286;0.5008577008928572;0.511;0.5000015921592712;0.499970458984375;0.5000057153701781
0.50438232422;0.50242797851575;0.4994497680665;0.4972390726125;0.496039979425;0.4989484879715;0.49734375;0.5008917410714285;0.5104285714285715;0.5000013462305068;0.49997044181823747;0.5000056643486032
0.50439453125;0.50246337890625;0.4994885253905;0.49718295228750004;0.49606220563000003;0.49898316031100004;0.4974419642857143;0.5009196428571429;0.5098660714285714;0.5000011051893234;0.49997043800354063;0.50000563287735
0.504411621095;0.50250732422;0.499532470703;0.4971170472475;0.496082741995;0.4990203066195;0.4975290178571429;0.5009559151785714;0.5092767857142857;0.50000086414814;0.49997043418884374;0.500005601406097
0.5044165039075;0.5025024414075;0.49956909179675;0.4970883551225;0.496106195305;0.49902118727625;0.49764508928571427;0.5010094866071428;0.50871875;0.5000006231069566;0.49997043037414685;0.5000055699348438
0.504443359375;0.5024853515625;0.49959777832025;0.4970628344875;0.49610465630749995;0.4990104812095;0.4977466517857143;0.5010619419642857;0.5081473214285714;0.5000004131048918;0.49997039985656877;0.5000055489540094
0.504462890625;0.50248046875;0.499617614746;0.49704074526249997;0.49610573928999996;0.499014556486;0.49786160714285715;0.5010859375;0.5075758928571429;0.5000002341419458;0.49997034263610934;0.5000055384635937
0.5044848632825;0.50246704101575;0.499612121582;0.49704091443750004;0.49609146534250004;0.49902246811175;0.49796316964285714;0.5011272321428571;0.50703125;0.5000000551789999;0.49997028541565;0.500005527973175
0.50451171875;0.50243286132825;0.49961242675774997;0.49704589413250005;0.49607256621;0.49900769880925;0.4980546875;0.5011808035714286;0.5064598214285714;0.49999987621605396;0.4999702281951906;0.5000055174827562
0.5045263671875;0.50239990234375;0.49960205078125;0.497063650405;0.49605872418749997;0.49900003026075;0.498171875;0.5012332589285714;0.5059241071428572;0.49999970896542073;0.49997020530700625;0.5000054693222031
0.5045556640625;0.5024072265625;0.49958526611325005;0.49705917418999995;0.4960321871125;0.49902604829675;0.4982700892857143;0.5012589285714286;0.5053705357142857;0.4999995534271003;0.4999702167511;0.5000053834915156
0.5045947265625;0.50238891601575;0.49958251953125;0.49705361248499996;0.4960000192425;0.49902041981274997;0.49838727678571426;0.5013125;0.5048214285714285;0.4999993978887797;0.4999702281951906;0.5000052976608281
0.5046313476575001;0.50234008789075;0.49956848144525;0.497073385105;0.49596067530250004;0.49899344633325005;0.4984832589285714;0.5013370535714285;0.5042544642857143;0.49999924235045906;0.4999702396392813;0.5000052118301407
0.5046704101575;0.50228515625;0.499560546875;0.497090956345;0.49592032772;0.49895654669199996;0.4985859375;0.5013928571428572;0.50371875;0.4999991048574447;0.49997025489807184;0.5000051445961
0.5047119140625;0.50225341796875;0.499556274414;0.49709323225749996;0.49588104046250003;0.4989358943855;0.4986607142857143;0.5014274553571428;0.5031651785714286;0.4999989854097366;0.49997027397155624;0.5000050959587093
0.5047485351575;0.502225341797;0.499560546875;0.4970898303425;0.49584950524250004;0.49891356185850005;0.49871763392857144;0.5014575892857143;0.5026339285714285;0.49999886596202847;0.49997029304504376;0.5000050473213187
0.504775390625;0.5021728515625;0.49957244873049994;0.4970979929775;0.49582641043000003;0.49886672783150005;0.49876785714285715;0.5015200892857142;0.5021004464285714;0.4999987465143203;0.4999703121185312;0.5000049986839281
0.5048266601575;0.50213134765625;0.49957733154299994;0.4970953630575;0.49577888426750005;0.49882785764524995;0.498796875;0.5015479910714286;0.5015758928571429;0.499998663544655;0.4999703311920156;0.5000049791336062
0.504892578125;0.5021142578125;0.49957824707025;0.4970773199575;0.49571848427;0.49880837561775;0.4988325892857143;0.5015703125;0.5010412946428572;0.4999986170530319;0.4999703502655031;0.5000049886703499
0.504951171875;0.50208740234375;0.49956817626950006;0.49707606719499997;0.49565775952249996;0.498785841284;0.49883482142857144;0.5015892857142857;0.5005630580357143;0.49999857056140906;0.49997036933899064;0.5000049982070938
0.505;0.50207275390625;0.49958526611325005;0.49705339947250005;0.49561854123;0.49876042744575005;0.4988482142857143;0.5015993303571429;0.5000742885045;0.49999852406978595;0.49997038841247504;0.5000050077438344
0.5050732421875;0.50210693359375;0.49959869384774996;0.49699870353;0.495560735295;0.4987740292225;0.4988560267857143;0.5016484375;0.4996283482142857;0.4999984600543975;0.49997038269042815;0.5000049700737
0.5051318359375;0.50214965820325;0.49964141845700005;0.49692505087;0.495529122965;0.49878113137;0.49884933035714285;0.5016506696428571;0.49909598214285716;0.4999983785152434;0.49997035217285;0.5000048851966844
0.5052099609375;0.502176513672;0.49967742919924996;0.49685635630999997;0.49547449433499996;0.49877367950749996;0.49883482142857144;0.5016517857142857;0.49858035714285714;0.4999982969760894;0.4999703216552719;0.5000048003196719
0.505283203125;0.5021789550782501;0.499726409912;0.49679322055999997;0.49542632442;0.49873813947199996;0.4988046875;0.5016819196428571;0.49806919642857145;0.4999982154369353;0.49997029113769376;0.5000047154426562
0.505341796875;0.502156982422;0.499771575927725;0.496752350775;0.49538585778250005;0.4986840653205;0.4988002232142857;0.5017020089285714;0.4975357142857143;0.4999982160329819;0.4999702835083;0.5000046782493593
0.50541015625;0.50213500976575;0.499813995361325;0.49670994530999996;0.49533468506750006;0.49862828710900003;0.49879910714285713;0.5016941964285714;0.49702455357142855;0.49999829876422874;0.49997029876709065;0.5000046887397781
0.505478515625;0.502078857422;0.49987075805665;0.496674735705;0.49528565730249996;0.49853444449875;0.4988191964285714;0.5017008928571428;0.49651339285714285;0.4999983814954756;0.4999703140258781;0.5000046992301937
0.5055322265625;0.50198364257825;0.499926452636725;0.49666718868000004;0.4952446250725;0.49840805056525;0.4988900669642857;0.5017154017857143;0.49599553571428573;0.49999846422672284;0.4999703292846688;0.5000047097206125
0.505576171875;0.50190185546875;0.49998725891113255;0.49665403819;0.495215585475;0.49829045970925;0.49896484375;0.5017154017857143;0.49550446428571426;0.49999850499629966;0.4999703483581531;0.5000047221183781
0.5056201171875;0.50184814453125;0.5000419998169;0.4966319513975;0.49518627594750003;0.498198160972;0.49909765625;0.5016930803571429;0.4950089285714286;0.49999850380420685;0.4999703712463375;0.5000047364234937
0.5056591796875;0.501787109375;0.50009506225585;0.49661766986;0.49515957563999996;0.49809937160300005;0.4992455357142857;0.5016975446428571;0.49450446428571426;0.4999985026121141;0.4999703941345219;0.5000047507286063
0.5056787109375;0.50171630859375;0.500146102905275;0.4966190478325;0.49514824884499997;0.49799446165025;0.49942299107142857;0.5017042410714285;0.49398660714285714;0.49999850142002095;0.4999704170227063;0.5000047650337218
0.505712890625;0.5016552734375;0.5002018737793;0.496606519815;0.4951267275;0.49789154799449997;0.4996358816964286;0.5016986607142857;0.4935089285714286;0.49999858027696625;0.4999704151153563;0.5000047507286063
0.505732421875;0.50160888671875;0.5002473449707;0.49660127454499997;0.49511482852250005;0.497806792248;0.49983133370535715;0.5016886160714286;0.4930089285714286;0.49999873918294907;0.49997038841247504;0.5000047078132625
0.505751953125;0.5015283203125;0.5002786254882501;0.49662506356749997;0.4950939871575;0.4976979948465;0.5000371442522357;0.5016830357142857;0.4925089285714286;0.4999988980889322;0.49997036170959375;0.5000046648979187
0.50576171875;0.50142211914075;0.50029907226575;0.4966753663525;0.49507548915500005;0.49757262281325;0.5002452566964286;0.5016819196428571;0.4920178571428571;0.499999056994915;0.4999703350067125;0.500004621982575
0.5057666015625;0.50134765625;0.50028976440425;0.4967348548475;0.49505100800749996;0.49748817825749997;0.5004709821428571;0.5016785714285714;0.49150446428571426;0.49999919393658626;0.4999703140258781;0.5000045981407156
0.50576171875;0.50125610351575;0.5002713012695;0.496815233315;0.4950306127325;0.49739391171;0.500640625;0.5016729910714286;0.491;0.4999993089139463;0.49997029876709065;0.5000045933723438
0.5057568359375;0.501131591797;0.50025070190425;0.49691552834499997;0.49500818015500003;0.49727135026249997;0.50083984375;0.5016417410714286;0.4905267857142857;0.4999994238913059;0.4999702835083;0.5000045886039719
0.5057568359375;0.5010150146485;0.5002294921875;0.49701163181;0.49498265329;0.49715363464;0.5010357142857143;0.5016049107142857;0.4900267857142857;0.49999953886866566;0.4999702682495125;0.5000045838356031
0.505751953125;0.5008978271485;0.500218658447275;0.49710367174;0.49496718102;0.497030015345;0.501234375;0.5015837053571428;0.4895357142857143;0.49999967306852344;0.49997028541565;0.500004620075225
0.5057470703125;0.500799560547;0.50022399902345;0.497175056955;0.494960786245;0.49691321952749995;0.5014408482142857;0.5015658482142857;0.4890267857142857;0.49999982649087904;0.4999703350067125;0.5000046973228469
0.505751953125;0.50069946289075;0.5002198791504;0.49725221114;0.4949426133725;0.4967963972625;0.5016160714285715;0.5015301339285714;0.4885357142857143;0.4999999799132347;0.49997038459777815;0.5000047745704655
0.505751953125;0.50061828613275;0.5002410888672;0.49730366263000003;0.4949416141475;0.4966827707225;0.5018214285714285;0.5015022321428572;0.4880535714285714;0.5000001333355903;0.49997043418884374;0.5000048518180844
0.50576171875;0.5005404663085;0.5002311706543;0.497374605955;0.494919513295;0.4965840810025;0.5020245535714286;0.5014732142857142;0.4875446428571429;0.5000003333985806;0.49997043609619063;0.5000048851966844
0.505771484375;0.50046783447275;0.500237274169925;0.497432294235;0.4949055975375;0.49648061260000004;0.50221875;0.5014475446428571;0.4870892857142857;0.5000005801022054;0.49997039031982504;0.5000048747062688
0.5057958984375;0.5003857421875;0.500236511230475;0.4974965487075;0.4948766138175;0.49636826727500005;0.5024084821428572;0.5014196428571429;0.4866607142857143;0.50000082680583;0.49997034454345624;0.50000486421585
0.5058154296875;0.5003131103515;0.500232543945325;0.49756181079075;0.4948520166725;0.49626515657750003;0.5026160714285715;0.5013950892857143;0.48614285714285715;0.5000010735094547;0.49997029876709065;0.5000048537254344
0.505849609375;0.5002264404297;0.500207824707025;0.49764723239525005;0.494806704215;0.49615591678;0.5028035714285715;0.5013426339285715;0.48561607142857144;0.5000013018846512;0.49997028923034686;0.5000048804283156
0.5058837890625;0.5001381683349501;0.500199127197275;0.4977238967005;0.494769961185;0.4960358403;0.503;0.5013035714285714;0.48508035714285713;0.5000015119314194;0.4999703159332281;0.5000049443244937
0.50591796875;0.5000590896606499;0.5001631164550749;0.49781805919525;0.4947231643975;0.4959358411075;0.5031964285714285;0.5012566964285714;0.4845625;0.5000017219781875;0.49997034263610934;0.5000050082206718
0.5059619140625;0.49996185302735;0.500151977539075;0.49790329938175;0.4946804602475;0.4958043246225;0.5033392857142858;0.5012131696428571;0.484;0.5000019320249557;0.49997036933899064;0.5000050721168531
0.5060009765625;0.499865341186525;0.5001407623291;0.49799250395199995;0.49464433307;0.49567340259500003;0.5034977678571428;0.5011462053571428;0.48347321428571427;0.5000021960735321;0.49997038459777815;0.500005143642425
0.506044921875;0.499750518798825;0.5001197052002;0.4981010069495;0.49460270366500003;0.495530058795;0.5036227678571429;0.5011043526785715;0.48291964285714284;0.5000025141239166;0.49997038841247504;0.5000052227973938
0.50609375;0.49963256835925;0.5001012420654251;0.498210834359;0.494560795085;0.495380334645;0.5037209821428571;0.5010262276785714;0.4823839285714286;0.5000028321743013;0.4999703922271719;0.5000053019523625
0.5061474609375;0.49952880859375;0.5000877380370999;0.4983104284255;0.49451871842499995;0.4952368394925;0.5038191964285714;0.5009776785714286;0.48182142857142857;0.5000031502246843;0.49997039604186877;0.5000053811073313
0.5061962890625;0.49941986083975004;0.50008880615235;0.49840709968299995;0.49449058150249997;0.49508185555999995;0.5038973214285715;0.5009090401785714;0.48126785714285714;0.500003459692;0.49997042274475;0.5000054349899281
0.5062548828125;0.4993127441405;0.5000946044922;0.498499750345;0.4944587387825;0.494921530545;0.5039709821428572;0.5008454241071428;0.48067857142857146;0.5000037605762468;0.4999704723358156;0.5000054636001594
0.5063037109375;0.49920776367175;0.500098724365225;0.49859865890050004;0.4944381671225;0.49476569667750003;0.5040446428571429;0.5007767857142857;0.480125;0.5000040614604937;0.49997052192688124;0.5000054922103875
0.5063623046875;0.49909973144525;0.50009521484375;0.49870600410724997;0.4944093910925;0.4946070539325;0.5041361607142857;0.500703125;0.47951785714285716;0.5000043623447407;0.4999705715179438;0.5000055208206188
0.5064111328125;0.498960571289;0.5000882720947251;0.49884173022725004;0.4943951420325;0.49442838703;0.5041986607142858;0.5006489955357143;0.4789285714285714;0.5000046958923344;0.49997063446045004;0.500005581855775
0.50646484375;0.4988079833985;0.5000736236572251;0.498994267637;0.49437950756500004;0.49424130456500004;0.5042767857142857;0.5005714285714286;0.4783392857142857;0.5000050621032719;0.49997071075439375;0.5000056753158563
0.506533203125;0.49864624023425;0.500064010620125;0.49914956080175;0.49435936712249995;0.4940388557025;0.5043504464285714;0.5004944196428571;0.4776964285714286;0.5000054283142094;0.49997078704834064;0.5000057687759406
0.5065869140625;0.49847534179675;0.50004177093505;0.49932832123599996;0.4943539006925;0.49384156118500006;0.5044330357142857;0.5004215959821429;0.47710714285714284;0.5000057945251469;0.49997086334228436;0.5000058622360218
0.506640625;0.4983154296875;0.500023250579835;0.499501971271;0.49435444261999995;0.4936508614775;0.5044955357142857;0.5003448660714286;0.47648214285714285;0.5000061578750625;0.49997093009948745;0.5000059537887562
0.506689453125;0.49816162109375;0.5000154685974125;0.49966964108899997;0.49436910024999997;0.493461127585;0.5045401785714285;0.5002610212053571;0.47582142857142856;0.5000065183639532;0.4999709873199469;0.5000060434341438
0.50673828125;0.49801147460925;0.4999996852874755;0.4998451371739;0.49438599207500006;0.49327891008749997;0.504546875;0.5001780133928572;0.47517857142857145;0.5000068788528437;0.49997104454040625;0.5000061330795281
0.5067822265625;0.49782958984375;0.5000011682510376;0.500034697638675;0.4944272477075;0.4930668852125;0.5045513392857143;0.5000788922991428;0.4745;0.5000072393417344;0.4999711017608656;0.5000062227249157
0.5068212890625;0.497657470703;0.49999703884124747;0.5002274766661501;0.49447602354750003;0.49286843706;0.5045089285714286;0.4999865897042428;0.47383928571428574;0.5000076441764844;0.4999711856842031;0.5000063109397875
0.5068701171875;0.497470703125;0.499994950294495;0.50043129924825;0.49452799883250004;0.492655718575;0.5044486607142857;0.4998923688615714;0.47316071428571427;0.5000080933570875;0.499971296310425;0.5000063977241531
0.5069189453125;0.497275390625;0.50000837802887;0.5006346081674999;0.4945971682775;0.4924302808225;0.5043883928571429;0.49979129464285715;0.47244642857142854;0.5000085425376907;0.4999714069366469;0.5000064845085156
0.50697265625;0.497080078125;0.5000175476074226;0.500845158553;0.49466921901250005;0.492207300505;0.5043504464285714;0.49971316964285717;0.4717857142857143;0.5000089917182937;0.4999715175628656;0.5000065712928781
0.50701171875;0.496904296875;0.5000350189209;0.5010433155940001;0.4947614519975;0.49200291792000006;0.5043415178571429;0.49963839285714284;0.4712142857142857;0.5000094413757312;0.4999716739654531;0.5000066404342657
0.5070556640625;0.49669921875;0.5000718307495;0.50125208037875;0.4948752651575;0.491768324905;0.5043727678571429;0.4995103236607143;0.47039285714285717;0.5000098915100094;0.49997187614440936;0.5000066919326781
0.5070849609375;0.4964794921875;0.5001343536377;0.50145949742025;0.4950272274;0.4915208614675;0.5044129464285714;0.49940625;0.46967857142857145;0.5000103416442875;0.4999720783233656;0.5000067434310906
0.507119140625;0.49625;0.5002133178711;0.5016665869392499;0.49519632390749996;0.4912600198925;0.5044866071428571;0.49929352678571426;0.46889285714285717;0.5000107917785657;0.4999722805023188;0.5000067949295032
0.507177734375;0.495966796875;0.5003161621095;0.50189727908075;0.49538427684499997;0.4909439349825;0.5045892857142857;0.49917466517857145;0.46810714285714283;0.500011264801025;0.49997248458862187;0.5000068674087531
0.5072216796875;0.4956787109375;0.50041809082025;0.5021396006937501;0.49559987180750004;0.490639826725;0.5047053571428571;0.4990786830357143;0.46732142857142855;0.5000117607116688;0.499972690582275;0.5000069608688343
0.507265625;0.4953955078125;0.50050384521475;0.50239545733175;0.4958213609975;0.49035540237499997;0.5048035714285715;0.4989503348214286;0.4665;0.5000122566223156;0.49997289657592814;0.5000070543289188
0.5073388671875;0.495146484375;0.5005557250977499;0.5026545111524999;0.49600638226000004;0.49010209463500004;0.5049419642857143;0.49881361607142854;0.46566071428571426;0.5000127525329594;0.4999731025695813;0.500007147789
0.507431640625;0.4949072265625;0.50058715820325;0.5029259105225;0.49617726834000003;0.489862189535;0.5051383928571429;0.4986796875;0.46482142857142855;0.5000132913589469;0.49997335243225;0.5000072240829468
0.5075244140625;0.494658203125;0.50059051513675;0.503230023545;0.49635444895499997;0.489640151755;0.5053616071428572;0.49851339285714286;0.4639642857142857;0.5000138731002812;0.4999736461639406;0.5000072832107532
0.5076416015625;0.494443359375;0.5006188964845;0.5034981001225001;0.49652469233249996;0.48941675223250003;0.5056741071428571;0.49834933035714285;0.4630714285714286;0.5000144548416126;0.49997393989563127;0.5000073423385625
0.5077685546875;0.4942578125;0.50066040039075;0.5037428211975;0.4966960948575;0.48920332668000005;0.5059732142857143;0.49816294642857145;0.46214285714285713;0.5000150365829469;0.49997423362731874;0.5000074014663688
0.5079248046875;0.4940283203125;0.500692138672;0.5040336516625;0.4968751001525;0.4889614287625;0.5063035714285714;0.49796986607142857;0.46125;0.5000156030654906;0.4999745445251469;0.5000074949264531
0.5080810546875;0.49376953125;0.500770263672;0.5043222619225;0.4971067747725;0.488687350485;0.5066517857142857;0.4977433035714286;0.46025;0.5000161542892468;0.4999748725891125;0.5000076227188125
0.50826171875;0.4935107421875;0.50081726074225;0.5046415173;0.4973255029775;0.4884259842625;0.5069642857142858;0.4975379464285714;0.45925;0.5000167055129999;0.499975200653075;0.5000077505111687
0.5084521484375;0.4932421875;0.50087585449225;0.5049691812975;0.49756795851950003;0.4881583526325;0.5072321428571429;0.4973125;0.45825;0.5000172567367562;0.4999755287170406;0.5000078783035281
0.5086376953125;0.4929052734375;0.500946044922;0.505346982595;0.49787639255425;0.487869839315;0.5074732142857142;0.49705133928571427;0.45725;0.500017824172975;0.4999759082794188;0.5000079412460312
0.5088720703125;0.492548828125;0.50099853515625;0.505764100615;0.49817753318675;0.487565996515;0.5076696428571429;0.4967857142857143;0.45617857142857143;0.5000184078216562;0.4999763393402094;0.5000079393386844
0.509140625;0.4921728515625;0.5010693359375;0.506196425325;0.498501670543;0.4872375402825;0.5078482142857143;0.49653125;0.4551428571428571;0.5000189914703375;0.499976770401;0.5000079374313343
0.50943359375;0.4918115234375;0.50110107421875;0.5066569703675;0.4988128584745;0.48693914566;0.5080044642857143;0.496234375;0.45403571428571426;0.5000195751190187;0.49997720146179064;0.5000079355239875
0.509736328125;0.4914599609375;0.50113098144525;0.5071225761575;0.499141911253;0.4866584104425;0.5081607142857143;0.4959419642857143;0.4529285714285714;0.5000201740264906;0.49997769165039063;0.5000079479217531
0.5100390625;0.4911328125;0.50114501953125;0.5075899398;0.49948016691675;0.4864165236875;0.5083660714285714;0.49562723214285714;0.4517857142857143;0.50002078819275;0.4999782409667969;0.5000079746246343
0.510390625;0.4908154296875;0.50111328125;0.5080986130774999;0.499790915378275;0.48618940476000005;0.5086160714285715;0.4952857142857143;0.4506071428571429;0.5000214023590094;0.49997879028320313;0.5000080013275157
0.510771484375;0.4905029296875;0.501117553711;0.508596392965;0.500132277991625;0.48594350065999997;0.5088883928571428;0.49492857142857144;0.44939285714285715;0.5000220165252687;0.4999793395996094;0.5000080280303969
0.511201171875;0.4901416015625;0.50113464355475;0.509143008065;0.500519078458;0.485664559655;0.5091517857142858;0.4945357142857143;0.4481428571428571;0.500022634506225;0.4999799594879156;0.5000080814361563
0.511669921875;0.489794921875;0.501167602539;0.5096894344475;0.500921167078;0.48537728153000004;0.5093839285714286;0.49420089285714286;0.44703571428571426;0.5000232563018813;0.49998064994811875;0.5000081615448
0.512158203125;0.489443359375;0.5012145996095;0.5102463816675;0.50136458944925;0.48509478436;0.5095178571428571;0.49384375;0.44585714285714284;0.5000238780975343;0.49998134040832504;0.5000082416534437
0.5126953125;0.489052734375;0.50125610351575;0.5108593689875;0.50185239374975;0.48480220008249997;0.5096160714285715;0.4934419642857143;0.4445357142857143;0.5000244998931875;0.4999820308685312;0.5000083217620844
0.51328125;0.488701171875;0.50122192382825;0.51151858095;0.5022988813515;0.48455451222249996;0.5096517857142857;0.4929955357142857;0.4431785714285714;0.5000250854492188;0.49998278045654376;0.5000083589553844
0.5138671875;0.488330078125;0.5011810302735;0.5122043875275;0.50280750474;0.4843450906325;0.5094910714285714;0.4925580357142857;0.44175;0.500025634765625;0.49998358917236246;0.5000083532333375
0.51453125;0.487919921875;0.5011029052735;0.5129758052000001;0.50334528778;0.4841306528525;0.5092857142857142;0.49209821428571426;0.44025;0.5000261840820313;0.4999843978881844;0.5000083475112906
0.515263671875;0.487451171875;0.5009765625;0.5138490517675;0.5039335819549999;0.48393028596750004;0.5089642857142858;0.49161607142857144;0.4387857142857143;0.5000267333984375;0.4999852066040031;0.5000083417892468
0.515927734375;0.486962890625;0.50091064453125;0.514671997205;0.504660848955;0.483807038245;0.5085267857142857;0.49114285714285716;0.4372142857142857;0.5000272331237781;0.4999861049652094;0.5000082950592032
0.5165625;0.48654296875;0.50086242675775;0.5154233184425;0.50541890139;0.4837555963325;0.5080803571428572;0.4906607142857143;0.43564285714285716;0.5000276832580562;0.4999870929718031;0.5000082073211656
0.51716796875;0.486044921875;0.5008728027345;0.51616644146;0.5063403479825;0.4837635048475;0.5075669642857142;0.4901696428571429;0.4339642857142857;0.5000281333923344;0.4999880809783937;0.5000081195831313
0.51775390625;0.485458984375;0.5009271240235;0.516910858445;0.5074216496475;0.4838455551325;0.5070535714285714;0.4897053571428571;0.4323214285714286;0.5000285835266125;0.4999890689849844;0.5000080318450938
0.518330078125;0.484775390625;0.501025390625;0.5176565378;0.5086681412625;0.484011415175;0.5065446428571428;0.48925892857142855;0.43057142857142855;0.5000289783477782;0.4999901442527781;0.5000079207420344
0.51890625;0.483984375;0.50109069824225;0.5184507484649999;0.5100402359275;0.48431289647;0.5061517857142858;0.4888214285714286;0.42878571428571427;0.5000293178558344;0.49999130678176873;0.5000077862739563
0.51951171875;0.483115234375;0.50119934082025;0.5192330698575001;0.5115513764375;0.48469782739249995;0.505875;0.4884017857142857;0.42696428571428574;0.5000296573638906;0.49999246931075936;0.5000076518058781
0.52001953125;0.482177734375;0.50142578125;0.5198682587375;0.51324872092;0.4852455589925;0.50575;0.488;0.4252142857142857;0.5000299968719468;0.4999936318397531;0.5000075173378
0.52048828125;0.481328125;0.50129516601575;0.5205962740550001;0.51470631426;0.4861156310875;0.5059017857142857;0.48759821428571426;0.42328571428571427;0.5000302581787125;0.4999948656559;0.5000073275566094
0.52095703125;0.48060546875;0.501414794922;0.5210358185699999;0.5162318989575;0.4869469701425;0.5061651785714286;0.4872232142857143;0.4215;0.5000304412841812;0.49999617075920005;0.5000070824623094
0.52134765625;0.4798046875;0.50145751953125;0.521443157125;0.5177865917775;0.4880382029725;0.5068214285714285;0.48675;0.4195714285714286;0.50003062438965;0.4999974758625031;0.5000068373680125
0.52181640625;0.4790625;0.50136352539075;0.5218831513025;0.5192153444100001;0.48924821730249995;0.5076741071428571;0.48626785714285714;0.41764285714285715;0.5000308074951187;0.499998780965805;0.5000065922737125
0.52228515625;0.47841796875;0.5014489746095;0.5220897384675;0.5206656345675;0.4904653150925;0.5087321428571429;0.48566964285714287;0.4157142857142857;0.5000308380126969;0.5000001604557037;0.5000063452720657
0.522734375;0.4778125;0.5015563964845;0.52217371685;0.5220774204525;0.491801480885;0.5098392857142857;0.485;0.4137857142857143;0.5000307159423844;0.500001614332199;0.5000060963630688
0.52326171875;0.4773046875;0.50180908203125;0.52210013813;0.5234871228375;0.49309585400999995;0.5110357142857143;0.48429464285714285;0.4119285714285714;0.5000305938720718;0.5000030682086944;0.500005847454072
0.52388671875;0.47693359375;0.50202880859375;0.521989159825;0.524770054855;0.49439005997;0.5121696428571428;0.48345535714285715;0.41;0.5000304718017593;0.5000045220851906;0.500005598545075
0.52451171875;0.47666015625;0.5022607421875;0.521764639995;0.525959434325;0.495741638955;0.5133571428571428;0.4825267857142857;0.4082142857142857;0.5000301475524906;0.5000060157775875;0.5000052862167343
0.52509765625;0.4768359375;0.5026513671875;0.521223862055;0.526881948425;0.49686406164;0.5144464285714285;0.4815357142857143;0.4064285714285714;0.5000296211242687;0.5000075492858875;0.5000049104690563
0.52591796875;0.47708984375;0.5027978515625;0.5209418077375;0.5276704764;0.49797933498775;0.5155535714285714;0.4803928571428571;0.4045714285714286;0.5000290946960437;0.5000090827941907;0.5000045347213751
0.52685546875;0.4771484375;0.5028955078125;0.52075650346;0.528597083725;0.49928001181775;0.5164821428571429;0.47944642857142855;0.4032142857142857;0.5000285682678218;0.5000106163024907;0.5000041589736938
0.52794921875;0.47705078125;0.5032055664075;0.5204834116525;0.52980802645;0.5006642585995;0.5179017857142857;0.47810714285714284;0.4014285714285714;0.5000278549194344;0.5000121688842781;0.50000371313095
0.52912109375;0.4775390625;0.5034423828125;0.520172134725;0.53065592475;0.50170488665875;0.5194464285714285;0.4765357142857143;0.3997142857142857;0.5000269546508781;0.50001374053955;0.5000031971931469
0.53046875;0.47771484375;0.503916015625;0.519769759715;0.5319292771499999;0.5029759433800001;0.520875;0.47483928571428574;0.3980714285714286;0.5000260543823251;0.500015312194825;0.5000026812553406
0.531875;0.47779296875;0.504599609375;0.51915547351;0.5334017138;0.5044077939675;0.5224821428571429;0.4730535714285714;0.3965;0.5000251541137687;0.5000168838500969;0.5000021653175353
0.5333203125;0.47796875;0.5052734375;0.51844821389;0.53481561325;0.505924062145;0.5239821428571428;0.47110714285714284;0.395;0.5000240173339844;0.5000183525085438;0.5000015835762025
0.534765625;0.47818359375;0.5057470703125;0.5177579824225;0.5360480455;0.5076402937325;0.525625;0.46901785714285715;0.3936428571428571;0.5000226440429687;0.5000197181701657;0.5000009360313415
0.5362109375;0.47828125;0.506005859375;0.517083189265;0.537127789975;0.5096941912174999;0.5271785714285714;0.46683928571428573;0.3922857142857143;0.5000212707519531;0.5000210838317876;0.5000002884864807
0.53765625;0.4781640625;0.5063134765625;0.5161956425650001;0.5381990612249999;0.5121011711725;0.528875;0.4644464285714286;0.39121428571428574;0.5000198974609374;0.5000224494934093;0.49999964094161997
0.53927734375;0.47796875;0.5063916015625;0.5154116265675;0.539151869075;0.514778634045;0.530625;0.46185714285714285;0.3902857142857143;0.500018308639525;0.5000236549377437;0.4999989993572235
0.540859375;0.4780078125;0.5066943359375;0.5142769406525;0.54000583235;0.5173409000325;0.5325178571428572;0.4591071428571429;0.3894285714285714;0.5000165042877187;0.5000247001647937;0.4999983637332916
0.5425390625;0.47798828125;0.5068994140625;0.5130814155825;0.540728093275;0.520122742975;0.5343035714285714;0.4561428571428571;0.3889285714285714;0.5000146999359125;0.5000257453918469;0.49999772810935966
0.54421875;0.47837890625;0.5071142578125;0.5117604589625;0.541269758625;0.5226372400625;0.5362678571428572;0.45303571428571426;0.3884285714285714;0.5000128955841062;0.5000267906188969;0.4999970924854278
0.5459375;0.47880859375;0.50759765625;0.510037409995;0.541821806725;0.525199113125;0.5381071428571429;0.4497857142857143;0.3881428571428571;0.5000109109878531;0.5000275230407719;0.4999964053630844
0.5478515625;0.4790625;0.5080419921875;0.5081809902525;0.542300634;0.52810314265;0.5398571428571428;0.44639285714285715;0.38785714285714284;0.5000087461471563;0.5000279426574719;0.499995666742325
0.5498046875;0.478984375;0.50849609375;0.5060251907875001;0.542491442425;0.531448805525;0.5415714285714286;0.44285714285714284;0.38785714285714284;0.5000065813064563;0.5000283622741687;0.49999492812156565
0.551796875;0.47869140625;0.5084765625;0.5040305999925;0.5421437822749999;0.5351361584;0.5430714285714285;0.4393214285714286;0.388;0.5000044164657594;0.5000287818908687;0.49999418950080937
0.5537109375;0.47826171875;0.5086083984375;0.50162655586375;0.541380679225;0.538930856925;0.5445;0.43564285714285716;0.3884285714285714;0.5000021767616272;0.5000288639068594;0.4999935703277594
0.55578125;0.4777734375;0.50822265625;0.49954262075899997;0.540183191075;0.54286829255;0.5458571428571428;0.43192857142857144;0.3892857142857143;0.4999998621940613;0.5000286083221437;0.4999930706024156
0.5576953125;0.477421875;0.50783203125;0.4972868302475;0.538548905775;0.5465559079;0.5473928571428571;0.4280357142857143;0.3902857142857143;0.4999975476264953;0.5000283527374281;0.49999257087707505
0.5592578125;0.4774609375;0.507548828125;0.4948133788;0.5365099126499999;0.54962108715;0.5493571428571429;0.42414285714285715;0.39157142857142857;0.4999952330589281;0.5000280971527093;0.4999920711517344
0.5605078125;0.4785546875;0.5071484375;0.4924931798025;0.53455910395;0.551551021675;0.5513928571428571;0.42014285714285715;0.39321428571428574;0.49999303483963126;0.5000274314880375;0.49999179553985623
0.561640625;0.4798828125;0.5068017578125;0.49004061845999997;0.53251680885;0.5531237328249999;0.5538571428571428;0.4160714285714286;0.3950714285714286;0.4999909529685969;0.5000263557434094;0.4999917440414437
0.5628125;0.481083984375;0.506748046875;0.48717784301;0.5302637904;0.5546704226;0.5566785714285715;0.41185714285714287;0.3972857142857143;0.4999888710975656;0.5000252799987781;0.4999916925430313
0.564921875;0.48203125;0.50712890625;0.48366370225;0.528186441;0.556890210075;0.5608214285714286;0.4075714285714286;0.39985714285714286;0.4999867892265312;0.50002420425415;0.49999164104461563
0.568046875;0.48212890625;0.505859375;0.4814449075825;0.525872091825;0.5605113392500001;0.56475;0.40364285714285714;0.4029285714285714;0.4999849166870125;0.5000229091644282;0.49999189472198435
0.5705859375;0.481923828125;0.5063232421875;0.47753773685;0.522301990575;0.5634331017499999;0.5690357142857143;0.39985714285714286;0.4060714285714286;0.49998325347900313;0.5000213947296156;0.4999924535751344
0.5721484375;0.481220703125;0.506220703125;0.474544347775;0.5174737899425;0.565642737;0.5745;0.39585714285714285;0.4097142857142857;0.49998159027099687;0.5000198802947999;0.49999301242828437
0.5737109375;0.482470703125;0.505703125;0.471748690975;0.5141412052675;0.5666013317;0.581;0.39157142857142857;0.4145714285714286;0.4999799270629875;0.5000183658599844;0.49999357128143435
0.5737890625;0.48306640625;0.5050439453125;0.469784880825;0.5096332001925;0.566429396875;0.5877142857142857;0.38735714285714284;0.42042857142857143;0.4999785366058344;0.5000167427063;0.49999438452720624
0.57390625;0.485380859375;0.5042822265625;0.467479811625;0.5066790825449999;0.565264428225;0.5962142857142857;0.3827857142857143;0.42689285714285713;0.4999774188995375;0.5000150108337407;0.49999545216560315
0.62640625;0.1975;0.4544140625;0.64877965635;0.37349245880000004;0.764751424;1.0825714285714285;0.4265;0.44785714285714284;0.4999763011932375;0.5000132789611812;0.499996519804
0.609765625;0.434765625;0.611953125;0.4955126771425;0.4164837209;0.6452917906;1.6725714285714286;0.4840267857142857;0.4714642857142857;0.49997518348693754;0.5000115470886218;0.49999758744239814
0.5978125;0.75953125;0.713125;0.28082317285;0.23565659800000002;0.5640590319;1.1205714285714286;0.5076071428571428;0.5142946428571429;0.49997440719604375;0.5000098972320562;0.49999870181083683
0.4413671875;0.45453125;0.5605859375;0.580151622225;0.44874918865;0.4863222747575;0.48513392857142856;0.4782321428571429;0.5203392857142857;0.49997397232055624;0.5000083293914781;0.499999862909317
0.4655859375;0.473515625;0.5585546875;0.5519855625;0.44890622915;0.498652873305;0.493625;0.478375;0.52325;0.4999735374450688;0.5000067615509032;0.5000010240077972
0.512197265625;0.5711328125;0.377421875;0.406716274575;0.5896836585999999;0.43843194620000003;0.49404910714285716;0.48151785714285716;0.5186607142857143;0.4999731025695813;0.5000051937103281;0.5000021851062775
0.5313671875;0.4852734375;0.4490625;0.48551729375;0.557497173875;0.51422504759;0.4793392857142857;0.48361607142857144;0.5289464285714286;0.49997285270690933;0.5000042104721063;0.5000032563209531
0.551484375;0.36328125;0.43015625;0.5718395312;0.6183785866;0.5814428310249999;0.47610714285714284;0.4785714285714286;0.5373928571428571;0.49997278785705623;0.5000038118362438;0.500004237651825
0.5971875;0.4258984375;0.4296875;0.49255839889;0.60314269715;0.593346262175;0.5114642857142857;0.4679285714285714;0.5394642857142857;0.49997272300720313;0.5000034132003781;0.5000052189826969
0.605;0.4728125;0.53705078125;0.4723765647;0.48549447921;0.60778806025;0.511625;0.47014285714285714;0.5509642857142857;0.49997265815735;0.500003014564514;0.5000062003135688
0.581015625;0.47455078125;0.507314453125;0.4750071608725;0.50793164508;0.5785995835500001;0.5308392857142857;0.46085714285714285;0.5560357142857143;0.4999727478027344;0.5000033187866219;0.5000073795318594
0.55953125;0.5057275390625;0.5527734375;0.47611471887;0.45125306785;0.555938344325;0.5474285714285714;0.46739285714285717;0.5629642857142857;0.49997299194335937;0.5000043258667;0.5000087566375718
0.551875;0.5378125;0.5503125;0.45785675345;0.4383083714;0.5302144947749999;0.5467857142857143;0.4694285714285714;0.5626428571428571;0.49997323608398436;0.5000053329467782;0.5000101337432875
0.541328125;0.54125;0.52349609375;0.45434133824999995;0.458829546175;0.5109878900225;0.5464642857142857;0.46605357142857146;0.5729285714285715;0.49997348022460936;0.5000063400268563;0.500011510849
0.5327734375;0.50228759765625;0.5320703125;0.4893915116675;0.46823510775000005;0.5289052200750001;0.5441785714285714;0.47019642857142857;0.5769285714285715;0.4999739589691156;0.5000076665878281;0.5000122280120844
0.53849609375;0.48552734375;0.484599609375;0.47539669222500003;0.5160695145325;0.530134751325;0.5451785714285714;0.4744107142857143;0.5767857142857142;0.49997467231750625;0.5000093126296999;0.5000122852325438
0.543046875;0.47794921875;0.4789453125;0.471923428825;0.522446751995;0.53610595475;0.536;0.47132142857142856;0.5819285714285715;0.4999753856658937;0.5000109586715688;0.5000123424530031
0.540625;0.4587109375;0.4715234375;0.4772122257275;0.53712371405;0.545130233225;0.5371428571428571;0.47332142857142856;0.5887142857142857;0.49997609901428125;0.5000126047134407;0.5000123996734624
0.540703125;0.458671875;0.46447265625;0.4701046734;0.5411045153;0.54270662255;0.5371785714285714;0.4767142857142857;0.5934285714285714;0.4999769935607906;0.5000142822265625;0.500012315750122
0.5442578125;0.46822265625;0.48572265625;0.471011230525;0.5157823543625;0.543139507275;0.535375;0.47110714285714284;0.5927142857142857;0.4999780693054187;0.5000159912109375;0.5000120906829844
0.547578125;0.477109375;0.494365234375;0.46770403785000003;0.5010621540375;0.53963373865;0.5348571428571428;0.4669642857142857;0.589;0.49997914505005003;0.5000177001953126;0.5000118656158438
0.54890625;0.483662109375;0.5116796875;0.47248046557499995;0.48126768687750004;0.538572359675;0.5300357142857143;0.47198214285714285;0.6076428571428572;0.49998022079467813;0.5000194091796875;0.5000116405487062
0.5494921875;0.4910302734375;0.52255859375;0.475672292;0.467112105525;0.534450937625;0.5266071428571428;0.47548214285714285;0.5910714285714286;0.49998148727416875;0.5000209159851062;0.5000114240646375
0.547265625;0.499366455078;0.519052734375;0.47371386785;0.46497230575000004;0.5235681273775;0.5205892857142858;0.477375;0.5869285714285715;0.499982944488525;0.5000222206115719;0.5000112161636344
0.541484375;0.4981018066405;0.516357421875;0.4769592485925;0.46883691270000005;0.51963837216;0.5127321428571429;0.48096428571428573;0.591;0.4999844017028813;0.5000235252380375;0.5000110082626343
0.53783203125;0.4924169921875;0.5045263671875;0.47322250495;0.48063097648249997;0.5179220293625;0.5099642857142858;0.4824375;0.5907857142857142;0.4999858589172375;0.5000248298645031;0.5000108003616344
0.53646484375;0.488798828125;0.4954370117175;0.46866076692499997;0.488195721135;0.516327729915;0.5094017857142857;0.48326785714285714;0.5872857142857143;0.49998739624023436;0.5000259227752687;0.5000106563568125
0.5362109375;0.484443359375;0.4901123046875;0.465165331975;0.492534453325;0.5170401918575;0.511125;0.4823839285714286;0.585;0.499989013671875;0.5000268039703375;0.5000105762481688
0.53751953125;0.482001953125;0.487177734375;0.46166670092499995;0.4932201802;0.51701019317;0.51425;0.48110714285714284;0.5870714285714286;0.4999906311035156;0.5000276851654062;0.500010496139525
0.53982421875;0.482255859375;0.4918408203125;0.462376062625;0.48677988001749994;0.516918107605;0.515625;0.48051785714285716;0.5895714285714285;0.4999922485351562;0.500028566360475;0.5000104160308844
0.5418359375;0.48380859375;0.49890625;0.46532769715;0.478522719785;0.5162126011575;0.5170357142857143;0.48075;0.5886428571428571;0.49999386084079683;0.5000291862487781;0.5000102577209469
0.5425390625;0.4875390625;0.505986328125;0.47009693395;0.47075945877500003;0.5133581308875;0.517125;0.482375;0.5856428571428571;0.49999546802044065;0.5000295448303219;0.5000100212097156
0.54109375;0.4915771484375;0.5115234375;0.47597176753;0.465852529575;0.509707564755;0.5160357142857143;0.4845535714285714;0.5843571428571429;0.4999970752000809;0.5000299034118656;0.5000097846984876
0.5384375;0.4939111328125;0.51201171875;0.479284638815;0.4659824072;0.506013183195;0.5146696428571429;0.4866785714285714;0.5854285714285714;0.4999986823797225;0.5000302619934094;0.5000095481872563
0.53533203125;0.4939111328125;0.51021484375;0.4807604854425;0.468718200275;0.503907796305;0.5139732142857143;0.4887410714285714;0.585;0.5000003489255906;0.5000304584503188;0.5000092678070063
0.5326953125;0.4914453125;0.506162109375;0.47942381404;0.4731355657;0.5034211883274999;0.5148303571428572;0.4902053571428571;0.5818571428571429;0.5000020748376847;0.5000304927825937;0.5000089435577406
0.53080078125;0.48787109375;0.5016015625;0.476556671505;0.47742215243999997;0.5037461703075;0.5166607142857143;0.49128571428571427;0.5792142857142857;0.5000038007497781;0.5000305271148687;0.5000086193084718
0.52984375;0.484296875;0.4987451171875;0.473944264925;0.4797324064225;0.50450967907;0.5184464285714285;0.4919017857142857;0.5800714285714286;0.5000055266618719;0.5000305614471438;0.5000082950592032
0.5294921875;0.482099609375;0.4974291992175;0.472412469175;0.4803035599325;0.504413791745;0.5201964285714286;0.49239732142857146;0.5820714285714286;0.5000071377754218;0.5000304031372063;0.500007971286775
0.5293359375;0.481767578125;0.498544921875;0.473213359025;0.4790220882375;0.5036268892875;0.52125;0.49303125;0.5817857142857142;0.500008634090425;0.5000300521850594;0.5000076479911812
0.52873046875;0.483046875;0.500567932129;0.47574002303499996;0.4775648395475;0.5021138835935;0.5224107142857143;0.49391071428571426;0.5792142857142857;0.500010130405425;0.5000297012329094;0.5000073246955875
0.5290625;0.4833984375;0.503798828125;0.478103124695;0.47475121225;0.5017068334082501;0.5219642857142858;0.4950758928571429;0.5785;0.5000116267204281;0.5000293502807626;0.5000070013999938
0.53021484375;0.4878515625;0.5053955078125;0.48167299425750004;0.47254962785000004;0.49701963458500004;0.5216964285714286;0.49693526785714287;0.5799285714285715;0.5000130558013907;0.5000288600921625;0.5000066299438468
0.52810546875;0.489375;0.5064306640625;0.4847758409725;0.473356282625;0.49591925798750003;0.5207321428571429;0.49842299107142857;0.5800714285714286;0.5000144176483156;0.5000282306671157;0.50000621032715
0.52703125;0.48974609375;0.5068408203125;0.48622540063;0.473782015;0.495153605435;0.5233392857142857;0.499767578125;0.5770714285714286;0.5000157794952407;0.5000276012420656;0.50000579071045
0.52650390625;0.4910595703125;0.50591796875;0.48728234221500005;0.47480429490000003;0.49293400521249997;0.5250535714285715;0.5013024553571429;0.574;0.5000171413421625;0.5000269718170156;0.50000537109375
0.52544921875;0.489091796875;0.506025390625;0.4867837056325;0.47520831833000005;0.49380418536500004;0.5267857142857143;0.5027924107142857;0.5738571428571428;0.5000183887481687;0.5000262031555188;0.5000050191879281
0.52486328125;0.485517578125;0.5050732421875;0.48418339838749996;0.4755878886775;0.494753180315;0.52925;0.5041696428571428;0.5766428571428571;0.5000195217132563;0.5000252952575688;0.5000047349929813
0.5251171875;0.484306640625;0.5044458007825;0.48317827634;0.4755009014225;0.49379276881750006;0.5318928571428572;0.5053794642857142;0.5718928571428571;0.5000206546783438;0.5000243873596187;0.5000044507980344
0.52541015625;0.484150390625;0.50401123047;0.48313498342;0.475498076975;0.49218933980499996;0.5341964285714286;0.5069241071428572;0.5729642857142857;0.5000217876434313;0.5000234794616687;0.5000041666030876
0.5251953125;0.484287109375;0.5035107421875;0.48347128406999995;0.47603380874249995;0.4906847787375;0.536375;0.5085535714285714;0.5737142857142857;0.50002280807495;0.5000225009918219;0.5000038769245156
0.524921875;0.48501953125;0.503669433595;0.48467266821;0.4763872699875;0.4893458034125;0.5385;0.5101785714285715;0.5719285714285715;0.5000237159729;0.5000214519500719;0.5000035817623125
0.524921875;0.486953125;0.503610839845;0.48677584782749994;0.47708001972749997;0.4872943511325;0.5405714285714286;0.5119017857142857;0.5692857142857143;0.50002462387085;0.5000204029083251;0.5000032866001125
0.52458984375;0.488701171875;0.5039868164075;0.4890394537575;0.47773953236250005;0.4859866753575;0.5414285714285715;0.5137857142857143;0.5684642857142858;0.5000255317688;0.5000193538665781;0.5000029914379118
0.523984375;0.4892578125;0.5043505859375;0.49029325274;0.47831472512499995;0.485454239515;0.5417857142857143;0.5157142857142857;0.5687142857142857;0.5000263252258312;0.5000182113647469;0.5000027885437013
0.52376953125;0.489462890625;0.5041430664075001;0.4909510388575;0.47897123953000004;0.4844963918675;0.5415357142857142;0.5176517857142857;0.5674285714285714;0.5000270042419438;0.5000169754028312;0.5000026779174807
0.5233984375;0.48896484375;0.5038671875;0.4909245593275;0.47960788716499997;0.48386127569;0.5411428571428571;0.5194821428571429;0.5644285714285714;0.5000276832580562;0.5000157394409188;0.5000025672912597
0.52333984375;0.488056640625;0.5032958984375;0.49039921136;0.48018200201;0.48289428539499996;0.5403214285714286;0.52125;0.5623214285714285;0.5000283622741687;0.5000145034790031;0.5000024566650391
0.52271484375;0.487177734375;0.50224243164075;0.48975414951;0.4814979146675;0.482069559045;0.5391785714285714;0.5229642857142857;0.5623214285714285;0.5000288906097407;0.5000132484436031;0.5000024626255034
0.52234375;0.48662109375;0.501678466797;0.4896167200875;0.4824180298825;0.48124831170750004;0.5378214285714286;0.5243392857142857;0.5623214285714285;0.5000292682647719;0.5000119743347156;0.5000025851726532
0.5220703125;0.48703125;0.50083679199225;0.49032889986;0.4838319714625;0.4801491479575;0.5369642857142857;0.5256428571428572;0.5605;0.5000296459197999;0.5000107002258313;0.5000027077198028
0.5216015625;0.487314453125;0.5011462402345;0.49121860947499996;0.48441164187;0.47992858173499997;0.5357321428571429;0.5268571428571428;0.5579285714285714;0.5000300235748282;0.5000094261169438;0.5000028302669525
0.52126953125;0.487724609375;0.50153076171875;0.4922421036375;0.484897007015;0.4796916858475;0.53475;0.528;0.55675;0.5000302829742437;0.5000082116127;0.5000030822753906
0.52109375;0.488994140625;0.5018005371095;0.49407972238000003;0.48566132232000003;0.4793707474275;0.5329285714285714;0.5291607142857143;0.5568214285714286;0.5000304241180407;0.5000070567131031;0.5000034637451187
0.52064453125;0.4901025390625;0.5025732421875;0.4958005309325;0.4860633383825;0.4796418953575;0.5309642857142857;0.5303214285714286;0.5558571428571428;0.5000305652618406;0.5000059018135062;0.5000038452148438
0.52015625;0.490595703125;0.5027465820325;0.49673560946;0.48678210249750004;0.4796985993075;0.529;0.5313214285714286;0.5532142857142858;0.5000307064056406;0.5000047469139094;0.5000042266845719
0.51974609375;0.4909228515625;0.502770996095;0.497460140415;0.487533082085;0.479664464335;0.5268392857142857;0.5323035714285714;0.5509642857142857;0.5000307865142812;0.5000036337375656;0.5000047149658219
0.519375;0.4911669921875;0.5028051757825001;0.49810535805925;0.48822406196249996;0.4796388892175;0.524375;0.533125;0.5504642857142857;0.5000308055877687;0.5000025622844697;0.5000053100585937
0.51892578125;0.491103515625;0.50236450195325;0.49834211270400003;0.4892648861475;0.47947412304750003;0.5217678571428571;0.5337857142857143;0.5504285714285714;0.5000308246612563;0.500001490831375;0.5000059051513687
0.518486328125;0.4909130859375;0.502294921875;0.49851102308125;0.48991692128750003;0.4794529095825;0.5192678571428572;0.5343571428571429;0.549;0.5000308437347406;0.5000004193782807;0.5000065002441406
0.51822265625;0.49103515625;0.502088623047;0.498970516425;0.490718762625;0.4793452549775;0.5170089285714285;0.5347142857142857;0.5468214285714286;0.5000307521820063;0.4999993832111359;0.5000071268081656
0.517900390625;0.49146484375;0.50192138671875;0.49967417597549996;0.4915762524175;0.47944732931;0.5144285714285715;0.5350535714285715;0.5458571428571428;0.5000305500030531;0.4999983823299409;0.5000077848434438
0.517509765625;0.4919580078125;0.5021228027345;0.50046149432575;0.49210596674;0.4798013253625;0.5117142857142857;0.53525;0.5462142857142858;0.5000303478240968;0.4999973814487456;0.5000084428787219
0.517197265625;0.492744140625;0.50220458984375;0.501494930929;0.4927945867625;0.48020546739;0.5092767857142857;0.5353571428571429;0.546;0.5000301456451406;0.49999638056754997;0.500009100914
0.51697265625;0.4935791015625;0.502451171875;0.5026008207525;0.493308046415;0.48065480100749997;0.5069241071428572;0.5354107142857143;0.5446428571428571;0.500029888153075;0.4999954710006719;0.5000097990036
0.51671875;0.4942919921875;0.50291748047;0.5036006468199999;0.49356628352500004;0.48118276120750003;0.5046071428571428;0.5354107142857143;0.5438571428571428;0.5000295753479;0.4999946527481094;0.5000105371475219
0.51640625;0.494990234375;0.5031274414075;0.504487351345;0.4940550635175;0.48173405288000004;0.5021160714285714;0.5354107142857143;0.5438928571428572;0.5000292625427251;0.49999383449554374;0.5000112752914437
0.516171875;0.495510253905;0.503493652345;0.5052592311874999;0.49431705186749997;0.4822049826575;0.49947628348214285;0.5352678571428572;0.5421785714285714;0.5000289497375501;0.49999301624298126;0.5000120134353625
0.5158984375;0.4956982421875;0.5035791015625;0.5056524702424999;0.49473761857500004;0.4825189344475;0.49720535714285713;0.5351071428571429;0.5414642857142857;0.5000285453796375;0.49999224567413436;0.5000126724243156
0.5155078125;0.49600341796749997;0.503513183595;0.5060306408499999;0.495326997245;0.482987874325;0.49507142857142855;0.5349285714285714;0.542;0.5000280494689937;0.499991522789;0.5000132522583
0.515107421875;0.4961474609375;0.5032250976575;0.5061938980625;0.4960598147;0.48337243565;0.49329464285714286;0.5345892857142858;0.5422857142857143;0.50002755355835;0.4999907999038688;0.5000138320922843
0.514736328125;0.495920410155;0.5030102539075;0.5060687617475;0.49658593072;0.48355803779;0.4920580357142857;0.5342321428571428;0.5412857142857143;0.5000270576477063;0.4999900770187375;0.5000144119262687
0.514375;0.49555908203;0.5030078125;0.50588501831;0.49684357444250005;0.48368649752500004;0.4913794642857143;0.5337857142857143;0.5401785714285714;0.5000265483856188;0.49998937892913753;0.5000149106979376
0.51408203125;0.4952587890625;0.50311279297;0.5058176228425;0.49700460124999996;0.4838012768425;0.49078571428571427;0.533375;0.5402857142857143;0.5000260257720938;0.49998870563507186;0.5000153284072875
0.513779296875;0.4949169921875;0.50337890625;0.505773155425;0.4969857329525;0.48390927269;0.49030357142857145;0.5329642857142857;0.5410714285714285;0.5000255031585688;0.49998803234100314;0.5000157461166375
0.513447265625;0.4945947265625;0.5037329101575;0.505761498;0.4968723940725;0.4840462356975;0.4900089285714286;0.5325892857142858;0.5410714285714285;0.5000249805450437;0.49998735904693753;0.5000161638259876
0.51314453125;0.494580078125;0.5039477539075;0.5059306588525;0.4969761450325;0.4843309984225;0.4900267857142857;0.5322321428571428;0.5400357142857143;0.500024377822875;0.49998667812347497;0.5000165462493906
0.51287109375;0.4947802734375;0.5039990234375;0.5061927726125;0.49729294821000003;0.48472407631000003;0.4898482142857143;0.5318928571428572;0.5395714285714286;0.5000236949920656;0.49998598957061874;0.5000168933868406
0.51248046875;0.494951171875;0.5039672851575;0.50631394477;0.49763950961025;0.485189260635;0.489875;0.5315714285714286;0.5401785714285714;0.5000230121612562;0.4999853010177625;0.5000172405242906
0.512060546875;0.49525390625;0.503610839845;0.5063483735500001;0.49829928755025;0.4857600642425;0.4899732142857143;0.5312142857142857;0.5406428571428571;0.5000223293304438;0.4999846124649063;0.5000175876617438
0.5118359375;0.495412597655;0.5034399414075;0.5064604295225;0.49877332848075;0.48611031163749996;0.49039285714285713;0.5308571428571428;0.5400357142857143;0.5000216369628906;0.49998396682739377;0.5000179157257094
0.51140625;0.495439453125;0.503122558595;0.5062632210025;0.49925750839025;0.4865058075375;0.4909732142857143;0.5304821428571429;0.5391071428571429;0.5000209350585938;0.499983364105225;0.5000182247161875
0.5112109375;0.4954663085925;0.5033227539075;0.5064364386975;0.499333179247;0.4867571987875;0.4914642857142857;0.5300535714285715;0.5390357142857143;0.5000202331542969;0.49998276138305625;0.5000185337066656
0.51115234375;0.495625;0.503125;0.5065876770425;0.49984586284980004;0.48701859865999997;0.49188839285714286;0.5298035714285714;0.5397142857142857;0.50001953125;0.49998215866088747;0.5000188426971437
0.51080078125;0.49541015625;0.50338623047;0.5065398728475;0.499724490332;0.48718766488000004;0.49208035714285714;0.5295178571428572;0.5397142857142857;0.5000187931060781;0.49998158645630003;0.5000190982818594
0.5106640625;0.495419921875;0.5033740234375;0.50662034744;0.49998115755601247;0.48738792684250004;0.4926294642857143;0.5291964285714286;0.5388214285714286;0.5000180187225344;0.4999810447692875;0.5000193004608156
0.510556640625;0.495791015625;0.50315185547;0.5067835395125;0.50052855952225;0.48786689976250003;0.49302232142857144;0.5289642857142857;0.53825;0.5000172443389906;0.499980503082275;0.5000195026397719
0.51029296875;0.4958544921875;0.50326904297;0.5068434035275;0.50061621886;0.4881938093125;0.493;0.5286785714285714;0.5385714285714286;0.5000164699554438;0.49997996139526246;0.500019704818725
0.51005859375;0.4957299804675;0.50311279297;0.5066810787675;0.50088374674275;0.48835232087999997;0.4934017857142857;0.5283928571428571;0.539;0.5000156831741344;0.49997948265075626;0.5000198574066157
0.5099072265625;0.4961401367175;0.5030493164075001;0.5068604633225;0.5012477889470001;0.4889135525975;0.49357142857142855;0.5281071428571429;0.5385714285714286;0.5000148839950562;0.49997906684875626;0.5000199604034438
0.5097216796875;0.49634033203;0.5030688476575;0.5069511295925;0.5014557731525;0.48932170106750006;0.49363392857142857;0.5278928571428572;0.539;0.5000140848159782;0.4999786510467531;0.5000200634002687
0.509453125;0.49646484375;0.5028466796875;0.50679486341;0.501781777638;0.48971427030500003;0.4938973214285714;0.5275892857142858;0.5383571428571429;0.5000132856369031;0.49997823524475;0.5000201663970938
0.509169921875;0.496640625;0.5028857421875;0.506785995645;0.5018821533205;0.490144176625;0.4940580357142857;0.5273214285714286;0.5376071428571428;0.5000124588012688;0.49997787284850936;0.5000202560424812
0.509013671875;0.4967749023425;0.5027392578125;0.5067232294174999;0.502173142456;0.49048382532999996;0.49419196428571427;0.527;0.5368571428571428;0.5000116043090812;0.49997756385803127;0.500020332336425
0.5087841796875;0.4967529296875;0.502705078125;0.5066110500075001;0.5022841678595;0.49071035192;0.49409821428571427;0.5267321428571429;0.5369642857142857;0.5000107498168938;0.4999772548675531;0.5000204086303719
0.5085400390625;0.4966259765625;0.5027172851575;0.506479706415;0.50231741354425;0.4908409505775;0.49395089285714283;0.5264285714285715;0.5373214285714286;0.5000098953247062;0.49997694587707503;0.5000204849243156
0.5083544921875;0.4966479492175;0.5025439453125;0.5063167615574999;0.5025489058675;0.49108852246249995;0.49378125;0.5261428571428571;0.5369642857142857;0.5000090475082406;0.4999766559600844;0.5000205307006844
0.5081103515625;0.4967822265625;0.50256591797;0.5062666983449999;0.5026036812525;0.4914448254225;0.49354910714285716;0.5258392857142857;0.5361607142857143;0.5000082063674938;0.4999763851165781;0.5000205459594719
0.5078955078125;0.496796875;0.50246826171875;0.50611449057;0.5027289091825;0.49168128630749997;0.49324107142857143;0.5254821428571429;0.5358392857142857;0.5000073652267468;0.49997611427307187;0.5000205612182625
0.507724609375;0.4969189453125;0.50236938476575;0.5060165121375;0.5028912903225;0.49200286491749995;0.49270089285714286;0.5252142857142857;0.5361785714285714;0.500006524086;0.4999758434295656;0.50002057647705
0.5075927734375;0.497014160155;0.5024658203125;0.5060660285774999;0.5029226331400001;0.49227436791499996;0.49213839285714284;0.5248392857142857;0.5363035714285714;0.5000056750774375;0.49997560882568437;0.5000205669403063
0.507490234375;0.4971826171875;0.5023388671875;0.5059889023325;0.50313404972;0.492619186765;0.49179910714285713;0.5245357142857143;0.5356607142857143;0.5000048182010657;0.49997541046142496;0.5000205326080313
0.50734375;0.4973095703125;0.5022888183595;0.5059169299325;0.503240723075;0.4929288492075;0.49127678571428574;0.5241607142857143;0.5350357142857143;0.5000039613246906;0.4999752120971688;0.5000204982757562
0.50724609375;0.4973681640625;0.502255859375;0.505868714305;0.503350821515;0.49315816581;0.4908482142857143;0.5237857142857143;0.5350178571428571;0.5000031044483184;0.49997501373290937;0.5000204639434813
0.5071728515625;0.4974487304675;0.50212036132825;0.50576023897;0.5035424002925;0.49341028667;0.4904107142857143;0.5234285714285715;0.5353214285714286;0.5000022850930691;0.4999748630523687;0.5000203628540031
0.5070703125;0.49743408203;0.50214599609375;0.505730181095;0.50358537526;0.49356443625749996;0.4901517857142857;0.5230357142857143;0.5351071428571429;0.5000015032589434;0.49997476005554065;0.500020195007325
0.506962890625;0.49740966796749997;0.50212524414075;0.5056584209475;0.5036476732975;0.49370723314000003;0.49004464285714283;0.5226607142857143;0.5343928571428571;0.5000007214248181;0.49997465705871563;0.5000200271606438
0.506884765625;0.497373046875;0.5021630859375;0.505646628025;0.5036880945625;0.49382666749750004;0.49004464285714283;0.5222678571428572;0.5339821428571428;0.4999999395906925;0.4999745540618906;0.5000198593139656
0.506806640625;0.4973291015625;0.5021911621095;0.5056268459425;0.503731391525;0.493939021415;0.4899910714285714;0.5219107142857143;0.5342321428571428;0.4999991647303103;0.4999744739532469;0.5000196800231937
0.506748046875;0.4972338867175;0.50226684570325;0.5056518531724999;0.50375515725;0.49399550881000004;0.4901517857142857;0.5215535714285714;0.5343392857142857;0.49999839684367187;0.49997441673278753;0.5000194892883313
0.5066552734375;0.497177734375;0.50239990234375;0.50570605669;0.503718067145;0.49408909502000004;0.4905625;0.5212142857142857;0.5338928571428572;0.4999976289570331;0.49997435951232816;0.5000192985534656
0.5065966796875;0.49722412109249997;0.50248291015625;0.5057465774825;0.5037409494425;0.49427995746250003;0.49129464285714286;0.5209464285714286;0.5332857142857143;0.49999686107039376;0.49997430229186873;0.5000191078186031
0.5065771484375;0.497412109375;0.50244873046875;0.5057178530299999;0.5038629965125;0.4946128292325;0.49159821428571426;0.5206428571428572;0.5331785714285714;0.49999610495567187;0.49997426033020004;0.5000189208984375
0.506396484375;0.49732421875;0.5027563476575;0.5058590575874999;0.50364843239;0.494665806055;0.49285267857142856;0.520375;0.5333928571428571;0.49999536061286876;0.49997423362731874;0.5000187377929688
0.506357421875;0.4978515625;0.50221801757825;0.5053948368650001;0.5040239041525001;0.495342193445;0.49329910714285713;0.5201607142857143;0.5331428571428571;0.49999461627006564;0.4999742069244375;0.5000185546875
0.50630859375;0.497939453125;0.50255859375;0.5056324202325;0.5038864819825;0.4955604870125;0.4941294642857143;0.5199285714285714;0.5324285714285715;0.49999387192726247;0.49997418022155626;0.5000183715820312
0.506171875;0.4979846191405;0.50244873046875;0.5054444039375;0.503922759425;0.49573350454500004;0.49514285714285716;0.519625;0.5318214285714286;0.4999931440353406;0.4999742088317875;0.5000181503295906
0.506044921875;0.498175048828;0.502294921875;0.505217100385;0.5039744863225;0.49604277122;0.4954732142857143;0.5194821428571429;0.5307857142857143;0.4999924325943;0.49997429275512817;0.500017890930175
0.50591796875;0.4982421875;0.5025341796875;0.5053237031350001;0.50381654159;0.496224648745;0.49567410714285715;0.5193035714285714;0.53125;0.4999917211532594;0.4999743766784656;0.5000176315307625
0.505751953125;0.4981884765625;0.502265625;0.5049828887775;0.5038955234725;0.49627715296249997;0.495921875;0.5190892857142857;0.5309642857142857;0.4999910097122187;0.4999744606018062;0.5000173721313469
0.505595703125;0.4980126953125;0.50223754882825;0.50486259102;0.503865764835;0.49620424965500004;0.49575892857142856;0.518875;0.5310357142857143;0.49999032878875627;0.49997458267211875;0.5000171527862562
0.505537109375;0.49798217773425;0.5022595214845;0.5048279313575;0.503879346855;0.49628411717000004;0.4957433035714286;0.5186071428571428;0.5309107142857142;0.499989678382875;0.4999747428894031;0.5000169734954844
0.50548828125;0.4981591796875;0.50208740234375;0.5046104995325;0.50396676304;0.49656448726;0.4956607142857143;0.5183928571428571;0.5303214285714286;0.4999890279769906;0.4999749031066906;0.5000167942047125
0.505419921875;0.4982763671875;0.50222412109375;0.5046550025325;0.5038871484375;0.49678291821250004;0.49554241071428573;0.5181696428571428;0.5297857142857143;0.49998837757110626;0.499975063323975;0.5000166149139406
0.5053759765625;0.49844482421875;0.50217407226575;0.504538776135;0.5039042700425;0.4970500305025;0.49554017857142857;0.5179464285714286;0.5296964285714286;0.499987756729125;0.49997522926330623;0.5000164222717282
0.5053759765625;0.49862548828125;0.50216430664075;0.50447178722;0.50393076769;0.49733624980499996;0.4955848214285714;0.51775;0.5296607142857143;0.49998716545105;0.49997540092468123;0.500016216278075
0.5053515625;0.4988385009765;0.502099609375;0.5043356800575;0.5039468866225;0.497643614509;0.49577678571428574;0.5175982142857143;0.5292321428571428;0.499986574172975;0.4999755725860594;0.500016010284425
0.5053564453125;0.498822631836;0.5020349121095;0.504238318465;0.504025202825;0.49773014839074997;0.4960825892857143;0.5174196428571428;0.5285;0.4999859828948969;0.4999757442474375;0.5000158042907719
0.50533203125;0.498857421875;0.50197875976575;0.504127459815;0.50406063418;0.49785617099625;0.49650446428571426;0.51725;0.5280892857142857;0.4999854068756094;0.4999759597778312;0.5000155630111688
0.5053173828125;0.498907470703;0.5018493652345;0.5039499235125;0.5041282755225;0.497993738273;0.496828125;0.5171428571428571;0.5280178571428571;0.49998484611511246;0.4999762191772469;0.5000152864456188
0.505302734375;0.49894287109375;0.50177001953125;0.5038177066699999;0.5041730413575;0.49811670423925003;0.4971674107142857;0.517;0.5278392857142857;0.49998428535461564;0.49997647857665933;0.5000150098800656
0.505234375;0.4989904785155;0.50160888671875;0.5035869592525;0.5041967541275;0.49822616103225004;0.4975200892857143;0.5168660714285714;0.5272142857142857;0.49998372459411566;0.499976737976075;0.5000147333145156
0.5051708984375;0.49906066894525;0.50147094726575;0.5033741656474999;0.5042036432975;0.49835358570425;0.4978091517857143;0.5167142857142857;0.526625;0.4999831771850594;0.49997702217102186;0.5000144920349125
0.5050830078125;0.499165649414;0.501414794922;0.5032204178949999;0.50414147202;0.49850591853174997;0.4979910714285714;0.5165714285714286;0.526375;0.4999826431274406;0.4999773311615;0.5000142860412594
0.5050048828125;0.4993310546875;0.50137329101575;0.5030715051375;0.504058738935;0.49871439798;0.4980736607142857;0.5164285714285715;0.5263035714285714;0.499982109069825;0.4999776401519781;0.5000140800476063
0.50490234375;0.49947235107425;0.50141235351575;0.5029931293025001;0.5039256115575;0.4988917187095;0.4980379464285714;0.5162767857142857;0.5259107142857142;0.49998157501220625;0.49997794914245625;0.5000138740539563
0.5047973632825;0.49954193115225004;0.50148193359375;0.5029579413375;0.5037983415575;0.49899794297100003;0.49795758928571426;0.5161339285714286;0.5252142857142857;0.4999811000823969;0.49997823333740316;0.5000136451721188
0.5047021484375;0.49962554931649994;0.5015380859375;0.502912050035;0.5036778891475;0.49911530728125;0.497765625;0.516;0.5247678571428571;0.4999806842803969;0.4999784927368156;0.5000133934021
0.504619140625;0.49970733642575005;0.501580810547;0.50285882049;0.5035708497825;0.49923125714850003;0.4974732142857143;0.515875;0.524625;0.4999802684783937;0.4999787521362313;0.5000131416320813
0.5045068359375;0.499716796875;0.50160888671875;0.5028009311175;0.503467036045;0.49926486163175005;0.49720982142857145;0.5157410714285714;0.5244464285714285;0.4999798526763906;0.4999790115356437;0.5000128898620594
0.5044384765625;0.49974380493174997;0.50166137695325;0.50277611015;0.5033861187675001;0.49933120059549996;0.49702455357142855;0.5155714285714286;0.5239107142857143;0.4999794368743906;0.49997929763794063;0.5000126552581782
0.5044067382825;0.499757690429675;0.50174072265625;0.502790343835;0.5033326284974999;0.49940150996800003;0.496953125;0.5154017857142857;0.5233214285714286;0.4999790210723875;0.4999796104431156;0.5000124378204344
0.5044140625;0.499785614013675;0.50183349609375;0.5028239334175;0.503302776385;0.499502170129;0.4969732142857143;0.5152589285714285;0.5230357142857143;0.4999786052703844;0.4999799232482906;0.5000122203826906
0.5044555664075;0.4998469543457;0.5019091796875;0.502840474515;0.5032936050975;0.49964577073449995;0.4970558035714286;0.5151428571428571;0.5228214285714285;0.49997818946838435;0.4999802360534656;0.5000120029449469
0.5045092773450001;0.49994514465332496;0.50194580078125;0.5028122240449999;0.50329013264;0.499821455380225;0.4972924107142857;0.5150267857142857;0.5223035714285714;0.49997778511047497;0.4999805545806875;0.5000117740631094
0.50455810547;0.500042800903325;0.50199462890625;0.502793068755;0.5032769339475;0.49999342589423496;0.497734375;0.5148839285714286;0.5215535714285714;0.49997739219665627;0.49998087882995623;0.5000115337371812
0.504580078125;0.50023376464845;0.5019775390625;0.502680152725;0.5032155998525;0.50022380638835;0.49803348214285714;0.5148035714285715;0.5219107142857143;0.4999769992828375;0.499981203079225;0.5000112934112563
0.5046044921875;0.50038269042975;0.5019775390625;0.5025932301825;0.503165773075;0.5004174473555;0.49849553571428573;0.5147142857142857;0.521375;0.49997660636901875;0.49998152732849066;0.5000110530853281
0.5045849609375;0.50051300048825;0.50190673828125;0.502435755307;0.5031036738175;0.50055859315625;0.4989737723214286;0.514625;0.5207321428571429;0.4999762535095219;0.4999818496704094;0.5000108070373531
0.50455810547;0.5006005859375;0.5018017578125;0.50225597685075;0.50306087948;0.50065038813625;0.49935770089285714;0.5145535714285714;0.5203392857142857;0.4999759407043469;0.49998217010498125;0.5000105552673344
0.5045239257825;0.50065246582025;0.50169555664075;0.5020838720552501;0.5030257600725;0.5007044939835;0.4996378348214286;0.5144732142857142;0.520125;0.4999756278991687;0.49998249053954996;0.5000103034973157
0.5044873046875;0.500692138672;0.50158813476575;0.5019142851302499;0.502992206815;0.50074335353425;0.4998494698660714;0.5143660714285714;0.5198035714285715;0.49997531509399373;0.4999828109741219;0.5000100517272937
0.50444091797;0.500687866211;0.50154052734375;0.50181360815775;0.5029559217825;0.5007467658825;0.4999814627511143;0.5142857142857142;0.5192321428571428;0.49997504806518434;0.4999831199646;0.5000098094940187
0.5044165039075;0.500669555664;0.50154541015625;0.5017707839665;0.502932094095;0.5007571847444999;0.5000365164620572;0.5141875;0.5187321428571429;0.49997482681274374;0.4999834175109875;0.5000095767974844
0.5044189453125;0.5006689453125;0.50156372070325;0.5017394869705;0.50291804042;0.50079833490325;0.49998807198660716;0.5140803571428572;0.5184821428571429;0.49997460556030315;0.4999837150573719;0.5000093441009531
0.5044384765625;0.50066101074225;0.501639404297;0.50176676590775;0.50290866983;0.50085303353525;0.49992958286829997;0.5139732142857143;0.5182678571428572;0.4999743843078625;0.49998401260375935;0.5000091114044187
0.50447265625;0.500672607422;0.50167602539075;0.5017523563245;0.5029101160025;0.50092441059825;0.49991329520085714;0.5138928571428572;0.5178571428571429;0.49997416496276875;0.4999843311309813;0.5000088977813719
0.504482421875;0.50070922851575;0.501697998047;0.50171525762;0.5028814611175;0.5009976251152499;0.4999751848493286;0.5138125;0.5172857142857142;0.499973947525025;0.4999846706390375;0.5000087032318125
0.504489746095;0.50080261230475;0.501669921875;0.5016145738;0.5028290521250001;0.50110281294025;0.5000826590402143;0.5137232142857143;0.5169017857142857;0.49997373008728124;0.49998501014709373;0.50000850868225
0.50447998047;0.50093383789075;0.50159301757825;0.50145586128525;0.502749131705;0.50121520201225;0.5002974330357143;0.5136696428571429;0.5166696428571429;0.4999735126495375;0.49998534965515;0.5000083141326906
0.504482421875;0.50106201171875;0.5015173339845;0.5013001688550001;0.5026773880425001;0.501329286017;0.5005343191964285;0.5136071428571428;0.5163571428571428;0.49997331428527814;0.49998564338684065;0.5000080785751344
0.5044580078125;0.501177368164;0.5014489746095;0.50115533818075;0.5025878965175;0.501415040507;0.5008231026785714;0.5135089285714286;0.5158035714285715;0.49997313499450624;0.49998589134216254;0.5000078020095813
0.5044384765625;0.50131469726575;0.501405029297;0.5010293382035;0.50248314077725;0.50152207473375;0.5010558035714285;0.5134375;0.51525;0.4999729557037344;0.49998613929748437;0.5000075254440313
0.504423828125;0.501405029297;0.50140869140625;0.5009631561715;0.5023997705909999;0.50160392560625;0.5011450892857143;0.5133482142857143;0.5149017857142857;0.4999727764129625;0.49998638725280625;0.5000072488784781
0.5044140625;0.501444091797;0.50141845703125;0.50091770338;0.50234886161975;0.50164994443575;0.5011155133928571;0.5132767857142857;0.5146696428571429;0.49997260665893434;0.4999866580963125;0.500006992816925
0.5043920898450001;0.50146606445325;0.5014453125;0.50089436691125;0.50229610580275;0.50167812546125;0.5009715401785715;0.5131607142857143;0.5142589285714285;0.49997244644165;0.4999869518280031;0.5000067572593687
0.50435546875;0.5014990234375;0.501453857422;0.500851780507;0.50222884555425;0.5016997140575;0.5007427455357143;0.5130714285714286;0.5137142857142857;0.4999722862243656;0.49998724555969376;0.5000065217018125
0.5043115234375;0.5015478515625;0.501453857422;0.5007979255195;0.5021475470922501;0.50172494219675;0.5004547991071429;0.5129553571428571;0.5133214285714286;0.4999721260070813;0.4999875392913813;0.5000062861442562
0.5042504882825;0.50160888671875;0.50147216796875;0.500760359626;0.50204269353825;0.50175108244775;0.5002996651785714;0.5128571428571429;0.5130714285714286;0.49997196769714375;0.49998779296875;0.5000060901641844
0.504196777345;0.501668701172;0.50150024414075;0.500733506522;0.50194262884275;0.5017821019975;0.5000295061383928;0.5127053571428571;0.5128839285714286;0.49997181129455626;0.4999880065917969;0.5000059337615969
0.5041552734375;0.5016833496095;0.5015563964845;0.5007466033669999;0.50187793509575;0.501793981422;0.49990053013392854;0.5126160714285715;0.5123392857142857;0.49997165489196876;0.49998822021484374;0.5000057773590093
0.5041333007825;0.5016796875;0.50167114257825;0.50082041183875;0.50183346517825;0.5018201357405;0.4998200334821429;0.5124910714285714;0.512125;0.49997149848938127;0.4999884338378906;0.5000056209564219
0.5040966796875;0.5016943359375;0.50178955078125;0.50089483367625;0.501767590314;0.501850970915;0.4998208705357143;0.512375;0.51175;0.49997139167785626;0.4999886636734;0.5000054135322562
0.5040771484375;0.50167602539075;0.50191650390625;0.5009858674105;0.501737317097;0.50187206844275;0.49987269810264284;0.5122767857142857;0.5112678571428572;0.4999713344573969;0.499988909721375;0.5000051550865188
0.50405029297;0.50166625976575;0.5019970703125;0.50103175770825;0.5017031735240001;0.50188226659975;0.4999746442522286;0.5121875;0.5108482142857143;0.4999712772369375;0.4999891557693469;0.5000048966407781
0.504033203125;0.50168579101575;0.50201171875;0.50100640266325;0.5016647239135;0.5019013042492501;0.5000697893415215;0.5120892857142857;0.5106160714285715;0.49997122001647815;0.4999894018173219;0.5000046381950375
0.5039990234375;0.50170043945325;0.50198974609375;0.5009503333515;0.50162076621175;0.50189462805175;0.500185546875;0.5119910714285715;0.5103660714285714;0.49997112655639686;0.4999896230697625;0.50000440478325
0.503962402345;0.501737060547;0.50192626953125;0.50085042988175;0.50156449109775;0.50188835534175;0.5003744419642857;0.5119017857142857;0.5099553571428571;0.49997099685669066;0.4999898195266719;0.5000041964054094
0.5039453125;0.50178466796875;0.50185180664075;0.50073595592025;0.50151601814575;0.5018977012382501;0.50054296875;0.5117946428571428;0.5094910714285714;0.49997086715698125;0.4999900159835813;0.5000039880275718
0.50392578125;0.50182739257825;0.5017919921875;0.50063825035425;0.50146739702975;0.50190474068475;0.5006886160714286;0.5116785714285714;0.5091696428571428;0.499970737457275;0.49999021244049063;0.5000037796497344
0.5039013671875;0.50185668945325;0.50173461914075;0.500548229088;0.5014236985482501;0.50189879444075;0.5008013392857142;0.5115892857142857;0.5089508928571429;0.499970666885375;0.49999040889740004;0.5000035808086406
0.50388671875;0.50189697265625;0.5016833496095;0.50046065737075;0.501378802802;0.50190743138675;0.5008733258928572;0.5114642857142857;0.5086473214285714;0.49997065544128433;0.4999906053543094;0.5000033915042875
0.5038671875;0.50193603515625;0.5016442871095;0.50038686872325;0.50133052271575;0.50191441879275;0.5009162946428571;0.5113482142857143;0.5082098214285714;0.49997064399719376;0.4999908018112188;0.5000032021999343
0.503828125;0.50199462890625;0.501610107422;0.500317091916;0.5012545169485;0.5019216706505;0.5009386160714285;0.5112321428571428;0.5078169642857143;0.49997063255310004;0.49999099826812815;0.500003012895584
0.503767089845;0.5020654296875;0.5015759277345;0.5002493907841;0.5011540645555;0.50192113708775;0.5008655133928571;0.5111160714285714;0.5075758928571429;0.49997060775756874;0.499991174697875;0.5000028281211853
0.503701171875;0.50211059570325;0.50157958984375;0.5002265895166;0.50106621668075;0.5019113751512501;0.5008108258928572;0.5109910714285715;0.5073526785714285;0.4999705696105969;0.4999913311004625;0.5000026478767394
0.5036181640625;0.50217407226575;0.5015625;0.5001843420305749;0.50095492349725;0.5018946839224999;0.5007405133928572;0.510875;0.5069955357142857;0.49997053146362186;0.4999914875030531;0.5000024676322937
0.50353515625;0.5021716308595;0.50158447265625;0.5001976042741;0.50088968007525;0.5018466407505;0.50069921875;0.5107589285714286;0.5065625;0.49997049331665;0.4999916439056406;0.5000022873878478
0.503447265625;0.5021728515625;0.50160278320325;0.5002089588973;0.50081966524425;0.50179631507975;0.5006478794642857;0.5106428571428572;0.50625;0.49997046279907187;0.49999177169799686;0.5000020904541016
0.50337890625;0.5021337890625;0.5016552734375;0.50025978088475;0.5007919788215001;0.5017444406935;0.5005747767857143;0.5105178571428571;0.5060446428571429;0.49997043991088747;0.49999187088012814;0.5000018768310547
