0;1;2;3;4;5;6;7;8;9
0.5040869140625;0.49969619750975;0.5000855255127;0.4160284587857143;0.5574635375;0.37057979142857145;0.495921875;0.504546875;0.4849453125;1.0758167597325614
0.504560546875;0.499712524414;0.49958343505850006;0.41725045492857143;0.5735300342142857;0.35833324042857145;0.496140625;0.50455859375;0.485171875;-1.2724358786928684
0.5044384765625;0.499988384246825;0.49995697021485;0.4132410775714286;0.5627259386714286;0.3605886304285714;0.49622265625;0.50458203125;0.485390625;
0.5043359375;0.500071411132825;0.499893112182625;0.41713052650000004;0.5628532122428571;0.3611708257857143;0.496298828125;0.5045703125;0.485625;
0.5044384765625;0.499756927490225;0.49962280273425;0.42036598214285714;0.5765501502857143;0.3649745098571428;0.49630078125;0.504546875;0.48584375;
0.5043920898450001;0.49953582763675;0.49972396850575;0.4192451052857143;0.5801203710714286;0.37339205771428574;0.496455078125;0.50454296875;0.486046875;
0.5042529296875;0.49962219238275;0.49989250183105005;0.41914525964285715;0.5754651021428572;0.37700867664285714;0.49650390625;0.504515625;0.486265625;
0.5042504882825;0.49943756103524994;0.500070419311525;0.41573452657142856;0.577433121;0.3848220192142857;0.496568359375;0.504484375;0.486515625;
0.5042504882825;0.4991607666015;0.500088958740225;0.4156150552142857;0.5833554531428571;0.39306445714285715;0.49670703125;0.50444921875;0.48675;
0.50416015625;0.499093017578;0.5001724243164;0.41618079028571425;0.5829945252857143;0.39840316385714286;0.49681640625;0.50440625;0.4869921875;
0.50408203125;0.4991790771485;0.50038055419925;0.41395796571428567;0.5782102199285714;0.40117220321428576;0.49690234375;0.504359375;0.487234375;
0.5040771484375;0.499281616211;0.50044555664075;0.4133409120714286;0.5767129642142856;0.40102915257142857;0.49700390625;0.5043125;0.4874765625;
0.5040551757825;0.4993255615235;0.500440979004;0.41448218214285715;0.5769380301428572;0.4017134919285714;0.497048828125;0.50428125;0.4877109375;
0.5039892578125;0.49938385009774994;0.500385131836;0.4175344279285715;0.5769122129285714;0.4019988823571428;0.497078125;0.50421875;0.4879375;
0.503942871095;0.4994329833985;0.50038269042975;0.41904071835714285;0.5764937467142858;0.4027429280714286;0.49708203125;0.50417578125;0.4881328125;
0.50388671875;0.49937713623049995;0.500346069336;0.42149766471428574;0.5778793277142857;0.40579938792857145;0.497078125;0.50412109375;0.488359375;
0.5038623046875;0.49918518066399997;0.5002313232422;0.4252067695714286;0.5828646067857143;0.41117708799999997;0.497046875;0.50405078125;0.488609375;
0.50381591797;0.498970336914;0.50018981933595;0.42780515514285716;0.5863698517142857;0.4180948295714286;0.497056640625;0.5039921875;0.4888515625;
0.5037646484375;0.49885498046875;0.50016204833985;0.4301531048357143;0.5880229785714286;0.4226964598571429;0.497099609375;0.503923828125;0.489125;
0.5037841796875;0.49870849609375;0.500101852417;0.4320303281357143;0.5918583370714285;0.42713432749999997;0.497138671875;0.50383984375;0.4893828125;
0.503828125;0.49858642578125;0.4999988704919815;0.43446489406428573;0.5964150670714286;0.43040271097857147;0.497240234375;0.50376953125;0.489640625;
0.50381591797;0.49850341796875;0.49987312316895;0.43839982685;0.5995685959999999;0.43301511867142856;0.497349609375;0.5036953125;0.4899140625;
0.5038037109375;0.49843017578125;0.49972198486325003;0.4429307463;0.6028836554285715;0.4351783645857143;0.49746484375;0.50361328125;0.49015625;
0.5038305664075;0.498271484375;0.49952545166025;0.4480175310642857;0.6085915329285715;0.4389001562214286;0.49758203125;0.5035234375;0.4903984375;
0.5038598632825;0.4981396484375;0.49937713623049995;0.4519877711571429;0.6131758837857143;0.44235746565714285;0.497716796875;0.50343359375;0.49065625;
0.5039086914075;0.49804565429675;0.499273071289;0.4545910784928571;0.616991362;0.44506628982857144;0.497861328125;0.50333984375;0.490921875;
0.5039990234375;0.49792236328125;0.499180908203;0.4563312770428572;0.6217666762142857;0.4483750600785714;0.497990234375;0.503240234375;0.4911796875;
0.5040844726575;0.49776611328125;0.4991259765625;0.4574340220428571;0.6261369252857143;0.45293534266428576;0.498140625;0.503140625;0.4914296875;
0.504140625;0.49763061523425;0.4990979003905;0.45840354943571426;0.6291613092142857;0.4573808708642857;0.498283203125;0.503046875;0.4916953125;
0.5042504882825;0.4975549316405;0.4990979003905;0.4577126351428571;0.6323265085;0.46010500852857145;0.4984521484375;0.5029453125;0.491953125;
0.5043383789075;0.49755126953125;0.4990576171875;0.4581388208428571;0.6348978851428572;0.4607367612857143;0.498611328125;0.502849609375;0.49221875;
0.5044140625;0.4975634765625;0.49896240234375;0.46000456317857147;0.6378590470714285;0.46059670075;0.4987373046875;0.5027578125;0.49247265625;
0.5045092773450001;0.49759155273425;0.49882995605475;0.4623789228071428;0.6416727872142857;0.45963701057142853;0.498826171875;0.502654296875;0.49273046875;
0.5045532226575;0.49762084960925;0.4987548828125;0.4642285098;0.6434678825;0.4593542059071428;0.498888671875;0.50255859375;0.49296875;
0.504665527345;0.4976220703125;0.4986779785155;0.4651123991857143;0.6471104406428573;0.45944468364999996;0.4989326171875;0.50245703125;0.49322265625;
0.5047021484375;0.49760131835925;0.4986682128905;0.4656810244285714;0.6482031367142858;0.46100506210000003;0.4989560546875;0.502345703125;0.49346875;
0.50479248047;0.497482910155;0.49866088867175;0.4656819943857143;0.6512714966428571;0.4649634017714286;0.49898828125;0.50223828125;0.49370703125;
0.504853515625;0.4973388671875;0.4987170410155;0.46474234884285714;0.6528968935714285;0.47021164702857143;0.4990380859375;0.502134765625;0.4939375;
0.504919433595;0.497236328125;0.49882507324225;0.4623410216142857;0.6535415075714286;0.4746636196142857;0.49907080078125;0.50203515625;0.49415234375;
0.505;0.49712890625;0.4989453125;0.4594313925142857;0.6543733666428572;0.4792507602214286;0.4991318359375;0.50192578125;0.49438671875;
0.505068359375;0.4970288085925;0.49905517578125;0.4569149127857143;0.6549902621428572;0.48358914715;0.49919287109375;0.5018154296875;0.494625;
0.5051171875;0.496982421875;0.49916320800775;0.4545056778;0.6547819267857142;0.48648278362142855;0.4992548828125;0.5017041015625;0.494875;
0.5051513671875;0.49696533203;0.49924987792975;0.45267735809285714;0.6543264923571429;0.48843355465;0.49931494140625;0.50159375;0.49512109375;
0.5051513671875;0.497001953125;0.49931030273425;0.4517268748928571;0.653070645;0.4887984006285714;0.499326171875;0.5014873046875;0.495359375;
0.50517578125;0.49705078125;0.49932434082025;0.45141876857857144;0.6529872501428571;0.48837181449285716;0.49932275390625;0.501376953125;0.495609375;
0.505146484375;0.497150878905;0.49933837890625;0.4516417442;0.6513035219285714;0.4866580703857143;0.4992890625;0.5012734375;0.49583984375;
0.5051318359375;0.4972021484375;0.49934326171875;0.4520176886142857;0.650417815;0.4861301833;0.4992099609375;0.50116796875;0.4960703125;
0.505126953125;0.49721923828;0.4993420410155;0.45249240807857144;0.6500628177857143;0.4864299040142857;0.49913427734375;0.501052734375;0.49630078125;
0.50509765625;0.4971948242175;0.4993826293945;0.45245504079285714;0.6487741385000001;0.4881843244857143;0.49903564453125;0.50094970703125;0.496529296875;
0.505078125;0.497197265625;0.499409790039;0.45242806735;0.6477471442857143;0.4890318707214286;0.498958984375;0.50084375;0.4967578125;
0.50509765625;0.4971850585925;0.4994134521485;0.4524120072857143;0.6480734803571429;0.4899888778;0.4988564453125;0.50073974609375;0.496974609375;
0.5051171875;0.4971752929675;0.4993826293945;0.4531718590357143;0.6488566425000001;0.4906150936785714;0.498763671875;0.5006376953125;0.497203125;
0.50513671875;0.4971557617175;0.4993353271485;0.4543295196214286;0.6499132274285715;0.4913742912642857;0.4986591796875;0.5005390625;0.497423828125;
0.5051611328125;0.4971166992175;0.49924682617175;0.45645824462142853;0.651751043357143;0.4923680644857143;0.498556640625;0.500444580078125;0.497646484375;
0.5052001953125;0.49706298828;0.49915283203125;0.4585272301928571;0.6540884322857143;0.49368231717714284;0.4984365234375;0.50034716796875;0.497869140625;
0.5052392578125;0.49702392578;0.49905090332025;0.4606739687142857;0.6564528467857143;0.49452247991142856;0.4983154296875;0.50025;0.498095703125;
0.505283203125;0.4969897460925;0.4989599609375;0.4624153567;0.6587587075714286;0.49527089223642856;0.498201171875;0.500162841796875;0.4983193359375;
0.5053271484375;0.4969677734375;0.4988537597655;0.46442321512857143;0.6612150526428572;0.4955662444807143;0.498095703125;0.5000654296875;0.4985478515625;
0.5053564453125;0.4969604492175;0.4987561035155;0.4663245957571429;0.663128101;0.4955180191142857;0.4980078125;0.4999812774658188;0.498765625;
0.505390625;0.4969702148425;0.4986767578125;0.46759213705714286;0.6648366185714286;0.4950773121642857;0.49793359375;0.49989312744140624;0.4989794921875;
0.50541015625;0.4969897460925;0.49861694335925;0.4685124485571428;0.6658811072142857;0.4944838971928571;0.497884765625;0.4997999267578125;0.4991923828125;
0.5054248046875;0.4970166015625;0.49858764648425;0.4686931112928571;0.6663631470714286;0.4938451852092857;0.497861328125;0.499708740234375;0.49940283203125;
0.505439453125;0.4970361328125;0.498565673828;0.46868943318571427;0.6667882465;0.4934171096635714;0.497857421875;0.499615234375;0.49960693359375;
0.50544921875;0.4970385742175;0.49854736328125;0.46870463702142856;0.6671305277857142;0.49345414909499996;0.497888671875;0.499526611328125;0.4998145751953125;
0.5054296875;0.4970776367175;0.49854248046875;0.4686446629714286;0.6664174234285715;0.49255886099999996;0.4979296875;0.49946728515625;0.4999844894409188;
0.5054052734375;0.4971362304675;0.49854858398425;0.4682877251285714;0.6653612911428571;0.49114210500000005;0.497990234375;0.4993828125;0.5001793212890625;
0.5054052734375;0.49721923828;0.49855224609375;0.4675214760714286;0.664849953857143;0.4889337011714286;0.498095703125;0.49929541015625;0.5003837890625;
0.5053857421875;0.49731689453;0.4985607910155;0.4668500768785714;0.6637442635714286;0.48632175194285715;0.498208984375;0.49920849609375;0.50059326171875;
0.50537109375;0.4974487304675;0.4985595703125;0.4662092007428571;0.662764757857143;0.48263553216428573;0.4983525390625;0.49912744140625;0.50079833984375;
0.5053515625;0.497569580078;0.49856811523425;0.46544163343571426;0.6615870942857143;0.47926648112142856;0.4985048828125;0.4990361328125;0.50098876953125;
0.50533203125;0.49767333984375;0.49857177734375;0.46485353337857144;0.6605606466428572;0.47629816225;0.498671875;0.4989560546875;0.5011767578125;
0.5052978515625;0.49774291992175;0.49861328125;0.46368261389285714;0.6587937899285714;0.4744636335142857;0.4988525390625;0.4988701171875;0.50136328125;
0.50525390625;0.4977893066405;0.49863647460925;0.46317474812142856;0.657153435;0.4731520448428571;0.49902978515625;0.49878125;0.5015498046875;
0.5052392578125;0.497822265625;0.4986486816405;0.4625391715;0.6564485475714286;0.4720532581857143;0.49920849609375;0.4987001953125;0.5017412109375;
0.5052197265625;0.49786865234375;0.49865112304675;0.46215259674285714;0.6557087241428572;0.47049027317857145;0.49936181640625;0.4986162109375;0.5019326171875;
0.505205078125;0.49793823242175;0.4986486816405;0.46172310772142855;0.6550551694285713;0.46819654155;0.499508056640625;0.4985361328125;0.502123046875;
0.5052099609375;0.4979846191405;0.49865478515625;0.4608626206285714;0.6548550159285714;0.46650895172857143;0.499638427734375;0.49846875;0.5023125;
0.5051953125;0.4980041503905;0.49867065429675;0.4601339892357143;0.6541625495714286;0.4656206982642857;0.4997735595703125;0.49839453125;0.502505859375;
0.505185546875;0.49801025390625;0.4986767578125;0.45959489609285714;0.6537936132142858;0.46500164865;0.4998971557617187;0.498328125;0.502701171875;
0.505166015625;0.49802001953125;0.4986767578125;0.4593252377857143;0.6532638056428571;0.4642265538714285;0.5000438537597812;0.4982587890625;0.50289453125;
0.505146484375;0.498056640625;0.49864990234375;0.45960754167857143;0.6529989903571429;0.46251513505;0.5002039794921875;0.4981953125;0.503091796875;
0.505146484375;0.498125;0.49861206054675;0.45975019082857144;0.653202955;0.45976001165714286;0.50037841796875;0.498125;0.50328515625;
0.5051513671875;0.49822509765625;0.49857177734375;0.4597728320857143;0.6533834297142858;0.4560419735785714;0.50054638671875;0.498056640625;0.5034765625;
0.5051611328125;0.4983154296875;0.4985412597655;0.4595078521285714;0.6535647747142858;0.45258406794285716;0.5007109375;0.49799609375;0.503666015625;
0.5051708984375;0.498389892578;0.498536376953;0.4586665408857143;0.6534248639285715;0.44965368585;0.50087841796875;0.497923828125;0.503859375;
0.50517578125;0.49844482421875;0.49854858398425;0.45754102562142857;0.6529958552857142;0.4473294761428571;0.5010283203125;0.497857421875;0.5040390625;
0.5051708984375;0.4984631347655;0.49858276367175;0.45613857463571433;0.6521929703571427;0.4461309195785715;0.5011708984375;0.497802734375;0.504234375;
0.5051904296875;0.49848022460925;0.498643798828;0.45370980912857145;0.6515488959285713;0.4449843004357143;0.5013134765625;0.497744140625;0.5044296875;
0.5052197265625;0.4985205078125;0.498702392578;0.4511135413857143;0.6510020255;0.4431019891285714;0.5014345703125;0.49768359375;0.50461328125;
0.5052587890625;0.498575439453;0.498784790039;0.44775735600714284;0.6501903425000001;0.44086346008571425;0.501552734375;0.4976328125;0.50480859375;
0.5052880859375;0.49862548828125;0.49882080078125;0.4456551468928571;0.6498434815714287;0.4385004382;0.50164453125;0.497591796875;0.5049765625;
0.5053173828125;0.4986975097655;0.4988635253905;0.4433368046857143;0.6492024382857142;0.43552966255000003;0.501720703125;0.49755078125;0.50514453125;
0.5053564453125;0.49878295898425;0.49889526367175;0.44107763494999996;0.6488058253571428;0.43204019083571427;0.50180078125;0.49749609375;0.50533984375;
0.5054052734375;0.49886962890625;0.49891784667975;0.438864684;0.6487012008571429;0.4283746921428571;0.5018662109375;0.49745703125;0.50553125;
0.5054443359375;0.49896728515625;0.49894897460925;0.43658247484285717;0.6480885869285714;0.42445740742857146;0.5019208984375;0.497412109375;0.5057265625;
0.505498046875;0.4990618896485;0.49897644042975;0.43414337385;0.6478092272857142;0.4204885601428572;0.50195703125;0.497357421875;0.505921875;
0.5055517578125;0.4991595458985;0.49901184082025;0.43151117004285716;0.6472979099285715;0.41644021764285716;0.50198046875;0.49731640625;0.50611328125;
0.505625;0.4992443847655;0.499052734375;0.4284468506428571;0.6471513342142856;0.41262469764285714;0.501998046875;0.49726953125;0.5063203125;
0.5056787109375;0.49930847167975;0.49909851074225;0.42563171571428576;0.6465703248571428;0.4094667229285714;0.502001953125;0.497212890625;0.50651171875;
0.5057421875;0.4993743896485;0.49915283203125;0.4224489183571429;0.6459714604285715;0.40620986928571423;0.5019990234375;0.497169921875;0.50671875;
0.5058056640625;0.49945220947275;0.49921081542975;0.41916030192857145;0.6451171584285714;0.40260575185714287;0.5019853515625;0.497119140625;0.50692578125;
0.505859375;0.4995318603515;0.4992864990235;0.4156399927142857;0.6436484753571428;0.3990869875714286;0.5019921875;0.4970703125;0.50712890625;
0.5059228515625;0.49961639404299996;0.49934997558600003;0.4122291549285714;0.6424355708571428;0.39525011271428573;0.501990234375;0.4970234375;0.50734375;
0.5059814453125;0.49969131469725;0.49942565917975;0.4086519044285714;0.6408993576428571;0.3917443072142857;0.5019951171875;0.4969765625;0.50755859375;
0.5060107421875;0.499792938232425;0.49948150634774996;0.40601663835714286;0.6386801032857143;0.38755322628571426;0.502017578125;0.496916015625;0.50777734375;
0.5060546875;0.49989891052245;0.49952667236325005;0.4033836752142857;0.6367804552857144;0.38303534657142857;0.5020625;0.496865234375;0.5080078125;
0.5060693359375;0.5000672531128;0.49958587646475006;0.4009278346428572;0.6332511957142857;0.37715737907142854;0.50209765625;0.4968046875;0.5082265625;
0.506103515625;0.500237121582025;0.49960632324225;0.3990356904285714;0.63058441;0.37080580007142855;0.50216015625;0.496744140625;0.5084453125;
0.5061083984375;0.500453491211;0.49965667724600005;0.39702870228571424;0.6261334210714286;0.3636824220714286;0.502216796875;0.496671875;0.5086796875;
0.5061328125;0.5006787109375;0.49971954345700004;0.3944666912142857;0.6215762325714286;0.3562847511428571;0.502265625;0.496611328125;0.50890625;
0.5061474609375;0.500887451172;0.499804077148425;0.3916948314285714;0.6164388209285714;0.3496014222142857;0.50231640625;0.496544921875;0.509125;
0.5061669921875;0.50105651855475;0.499907531738275;0.38851011821428566;0.6113484906428571;0.344096163;0.502359375;0.4964609375;0.50934375;
0.50619140625;0.501216430664;0.5000209236145026;0.3851038482142857;0.6061039605714286;0.33889554078571427;0.50241015625;0.4963984375;0.50959375;
0.5061962890625;0.50133544921875;0.500162200927725;0.3815336015;0.6003375287142857;0.3352040587857143;0.50247265625;0.4963359375;0.5098125;
0.506220703125;0.50146240234375;0.50029052734375;0.3779671115714286;0.5948891403571428;0.331061178;0.50253515625;0.49626953125;0.5100625;
0.5062548828125;0.50155517578125;0.50040496826175;0.37458262435714285;0.5901323324285714;0.32761369014285713;0.5025859375;0.496212890625;0.510296875;
0.5062890625;0.50169677734375;0.50046783447275;0.37241509364285713;0.5854158740714286;0.32253966892857144;0.50267578125;0.496150390625;0.5105234375;
0.506357421875;0.50188232421875;0.500506286621;0.3702524095;0.5809160945;0.3158191615714286;0.502767578125;0.496083984375;0.5108046875;
0.5064453125;0.50210571289075;0.5005148315429999;0.3684958384285714;0.5764768305714286;0.30771691964285713;0.502857421875;0.496013671875;0.5110546875;
0.5065576171875;0.50233520507825;0.5005169677735;0.36652653014285713;0.5721829425;0.29915676585714285;0.502958984375;0.49594140625;0.5113359375;
0.506669921875;0.5025512695325;0.500551147461;0.3639776762857143;0.5672129822214286;0.29124560685714285;0.50306640625;0.49587109375;0.511609375;
0.5067724609375;0.5027099609375;0.50057250976575;0.36189795314285716;0.5628470689571429;0.2847574349285714;0.50317578125;0.49579296875;0.5118984375;
0.50689453125;0.5028466796875;0.50058288574225;0.3597213143571429;0.5590487618642856;0.2784668625;0.503294921875;0.49573046875;0.5121796875;
0.5070263671875;0.502966308595;0.5006146240235;0.3569650387857143;0.55501232775;0.27266192135714284;0.503408203125;0.4956484375;0.5124921875;
0.5071826171875;0.50311279297;0.50064086914075;0.3540124282857143;0.5507121647928571;0.26585929535714287;0.503521484375;0.4955859375;0.5127890625;
0.50736328125;0.50326171875;0.50069519042975;0.35012969299999996;0.5459050514571429;0.2589530310714286;0.503623046875;0.49551171875;0.513125;
0.5075732421875;0.5034594726575;0.50075378417975;0.3458692145;0.5402363164714286;0.2505885237857143;0.503732421875;0.495453125;0.5134453125;
0.507802734375;0.5037036132825;0.50081665039075;0.3414682570714285;0.5335018601785714;0.24098887;0.503826171875;0.49539453125;0.5137890625;
0.508056640625;0.5039770507825;0.50085571289075;0.3373818382142857;0.5264739567071428;0.23019978621428572;0.503908203125;0.4953359375;0.5141328125;
0.5083203125;0.504235839845;0.50086181640625;0.333940384;0.51983956675;0.21929639950000002;0.503984375;0.49528515625;0.5144921875;
0.50859375;0.5045043945325;0.5008349609375;0.3312436462142857;0.5131287578714286;0.20773497292857143;0.504046875;0.4952265625;0.5148515625;
0.5088818359375;0.5047412109375;0.500805053711;0.32842851092857145;0.5066409840414285;0.19663173542857143;0.50409765625;0.4951796875;0.5152265625;
0.5091845703125;0.5049731445325;0.50076354980475;0.32579320185714283;0.4999948711156043;0.18530254035714286;0.5041328125;0.4951328125;0.515625;
0.509501953125;0.5051708984375;0.500707397461;0.32324825150000003;0.493793693735;0.17428878985714288;0.5041640625;0.495078125;0.516015625;
0.5098486328125;0.50541015625;0.50068054199225;0.32007138628571424;0.48589649514285715;0.1623410417857143;0.50419140625;0.49501953125;0.516453125;
0.51021484375;0.5056884765625;0.500697631836;0.3162398518571429;0.4758991875785714;0.14992835628571427;0.50421875;0.4949609375;0.516890625;
0.510625;0.5060400390625;0.5007763671875;0.31123820785714285;0.46292638229285715;0.13629849842857142;0.50425390625;0.4948984375;0.517359375;
0.511083984375;0.50642578125;0.500874633789;0.3056525899285714;0.4484123134214286;0.12166998564285716;0.50428515625;0.49485546875;0.517828125;
0.51154296875;0.506845703125;0.50097290039075;0.3009222641428571;0.43213329777857146;0.10676661114285714;0.504328125;0.49480078125;0.5183125;
0.512001953125;0.50728515625;0.50109008789075;0.2966602075714285;0.41405315842857143;0.0921926250714286;0.5043671875;0.49475;0.518796875;
0.5125;0.5076904296875;0.5011962890625;0.29230688042857145;0.3960895339285714;0.07776490521428572;0.5043984375;0.49469140625;0.519328125;
0.513037109375;0.5080908203125;0.501268310547;0.2885470078571428;0.3779436832142857;0.06266320078571432;0.50442578125;0.4946484375;0.5198125;
0.51361328125;0.50849609375;0.5013427734375;0.2848336650714286;0.3587058437142857;0.0472323777857143;0.504421875;0.49461328125;0.52028125;
0.514228515625;0.508876953125;0.50143310546875;0.28073850735714284;0.3386906502857143;0.032121089785714305;0.5043984375;0.49455078125;0.520828125;
0.51490234375;0.5092529296875;0.50145141601575;0.2777855472142857;0.3188772975714286;0.015393686071428549;0.50433984375;0.49449609375;0.521421875;
0.515625;0.5096142578125;0.50146728515625;0.274863355;0.2981804360714286;-0.0016547943571428862;0.50421875;0.49444140625;0.522015625;
0.516376953125;0.50994140625;0.5014599609375;0.27262058157142854;0.2772118711428571;-0.018670549214285723;0.5040703125;0.49437890625;0.52265625;
0.51712890625;0.51025390625;0.5014404296875;0.27168021857142854;0.25524323085714284;-0.03510774192857142;0.50387890625;0.49430859375;0.523296875;
0.517880859375;0.510576171875;0.50143676757825;0.2719127885714286;0.23122882299999997;-0.05073439228571429;0.5036484375;0.4942109375;0.523984375;
0.518642578125;0.510888671875;0.501484375;0.27237416657142854;0.2050632554285714;-0.06488021242857141;0.503427734375;0.49410546875;0.524703125;
0.51935546875;0.51123046875;0.50162353515625;0.2740072365;0.17527649842857143;-0.07582460571428569;0.50322265625;0.4939921875;0.5254375;
0.519990234375;0.511748046875;0.50189697265625;0.2786979252142857;0.13797099857142855;-0.08306943992857142;0.50307421875;0.49386328125;0.52621875;
0.52060546875;0.512373046875;0.50222290039075;0.28625819771428573;0.0961774672857143;-0.08800294521428571;0.502984375;0.493734375;0.527015625;
0.521171875;0.51314453125;0.502536621095;0.29913334621428567;0.05030106292857142;-0.09069427728571425;0.50299609375;0.49359765625;0.527828125;
0.521640625;0.5140625;0.50296875;0.31603799635714286;-0.0010456330714285805;-0.08721631478571427;0.503109375;0.49345703125;0.52865625;
0.52203125;0.515107421875;0.5033129882825;0.340126541;-0.05379955985714287;-0.08058999185714284;0.503314453125;0.4933203125;0.5295;
0.52236328125;0.516103515625;0.50352294922;0.36902581264285717;-0.10284533250000004;-0.07093382664285712;0.503583984375;0.4931875;0.53034375;
0.52267578125;0.516943359375;0.5038793945325;0.3950845445714286;-0.1499092226428572;-0.05412199449999999;0.503962890625;0.49305078125;0.5311875;
0.52302734375;0.517900390625;0.504091796875;0.42713922407142857;-0.19720259671428564;-0.03694137478571429;0.50435546875;0.4929453125;0.5320625;
0.5233984375;0.51845703125;0.5043212890625;0.4532733399285714;-0.23525803357142858;-0.015810662285714313;0.50479296875;0.49283984375;0.5329375;
0.52375;0.518828125;0.5045727539075;0.47724018001428575;-0.26854875214285717;0.009370043428571404;0.5052890625;0.4927578125;0.5338125;
0.5242578125;0.51916015625;0.504814453125;0.4992625235542857;-0.3022210521428572;0.034356069499999975;0.50576953125;0.4926953125;0.53475;
0.52486328125;0.519248046875;0.505166015625;0.51429249965;-0.3331346885714286;0.061766563214285725;0.50628515625;0.492671875;0.5356875;
0.525546875;0.519248046875;0.50552734375;0.5278823137071429;-0.3630474228571429;0.09016336685714285;0.5068203125;0.4927109375;0.53665625;
0.5262890625;0.519248046875;0.505654296875;0.5464367663714286;-0.39038593;0.11589055285714286;0.50733203125;0.492796875;0.53765625;
0.52712890625;0.519296875;0.505419921875;0.573162145;-0.41539424;0.1362467112142857;0.5077734375;0.4929296875;0.5386875;
0.5280859375;0.519248046875;0.5050341796875;0.6015098939285715;-0.4387453178571429;0.1537727317142857;0.5082109375;0.49310546875;0.5396875;
0.5291015625;0.5192578125;0.504489746095;0.635513975;-0.46218112857142857;0.17090479642857145;0.5085078125;0.4932578125;0.54053125;
0.53037109375;0.519228515625;0.5041918945325;0.6649660732142857;-0.49280052214285713;0.19132628342857144;0.50890625;0.4934609375;0.5415;
0.53193359375;0.5194921875;0.5038671875;0.7025659130714286;-0.5334032842857143;0.21441016192857143;0.509390625;0.49375;0.54259375;
0.5335546875;0.519521484375;0.5035546875;0.7380051868571428;-0.5714532171428571;0.23919093764285715;0.5098515625;0.4940546875;0.5435625;
0.53521484375;0.51951171875;0.5031982421875;0.7766440937142857;-0.60861031;0.2676458055;0.51053125;0.4944453125;0.54459375;
0.5369921875;0.519501953125;0.502890625;0.8174872172142856;-0.6477757285714285;0.3013581697857142;0.511265625;0.494890625;0.54559375;
0.53888671875;0.519404296875;0.5026513671875;0.8585521165714285;-0.6879009085714286;0.33986255278571426;0.512140625;0.495421875;0.546625;
0.540859375;0.5192578125;0.50237426757825;0.9029433596428571;-0.7270807314285713;0.3826950667142857;0.5131484375;0.4960546875;0.54759375;
0.5428125;0.519287109375;0.501922607422;0.9578895023571429;-0.7622410514285715;0.43334892597142854;0.514203125;0.49677734375;0.548625;
0.5448828125;0.51943359375;0.50149658203125;1.0181409767857144;-0.7968710335714285;0.4937187280514286;0.5152890625;0.4976015625;0.54959375;
0.5469921875;0.519814453125;0.5012536621095;1.082038509357143;-0.8287354457142857;0.5704946223714286;0.516375;0.4985263671875;0.55053125;
0.5491015625;0.5203125;0.50109375;1.147970412;-0.8536969442857143;0.6600089447142857;0.517453125;0.4995634765625;0.5514375;
0.5513671875;0.5208984375;0.50136840820325;1.2077231407142857;-0.8773101449999999;0.7664307940714286;0.518390625;0.50070263671875;0.55228125;
0.553671875;0.5212890625;0.5017224121095;1.2629752785714283;-0.8930344957142858;0.8772270011428571;0.519265625;0.50198046875;0.55303125;
0.5558984375;0.521953125;0.50195434570325;1.3236943492857143;-0.8936282735714285;1.0000507839285715;0.519984375;0.503365234375;0.55378125;
0.5581640625;0.52251953125;0.50213989257825;1.382923915;-0.8831092564285713;1.1263217032142856;0.52046875;0.50481640625;0.55446875;
0.5604296875;0.5228125;0.502314453125;1.4372821142857142;-0.8620038842857144;1.2511668042857143;0.520734375;0.5063515625;0.5550625;
0.5625390625;0.52306640625;0.50238037109375;1.48966361;-0.8237229978571429;1.3772787014285715;0.5208125;0.50794140625;0.5555625;
0.5647265625;0.5230859375;0.502088623047;1.546899305;-0.7732594142857142;1.4969655421428572;0.520703125;0.5095625;0.55603125;
0.5669921875;0.5230078125;0.5017236328125;1.603750747142857;-0.7115180400000001;1.6169101707142857;0.520453125;0.5112109375;0.556375;
0.569375;0.52220703125;0.50119323730475;1.6602747278571428;-0.6470397314285714;1.7211224992857144;0.52040625;0.5128671875;0.55665625;
0.57171875;0.5209765625;0.500200653076175;1.7244382914285714;-0.5695542278571429;1.8123613150000002;0.520421875;0.514546875;0.55684375;
0.574296875;0.518662109375;0.49964721679675;1.781078487142857;-0.5077448907142857;1.889337902142857;0.52115625;0.51625;0.557;
0.5768359375;0.5169921875;0.49834350585925;1.8539607435714287;-0.4101161857142857;1.9764142385714287;0.522046875;0.518;0.55709375;
0.5803125;0.514814453125;0.497705078125;1.9282539607142857;-0.3306749321428571;2.077483952142857;0.524078125;0.519859375;0.557;
0.58328125;0.51373046875;0.49701171875;1.985635637857143;-0.20473017857142856;2.1947199657142855;0.5265625;0.521890625;0.55671875;
0.5859375;0.51142578125;0.4960498046875;2.0450130064285714;-0.07726978828571432;2.2799982514285713;0.529625;0.5238125;0.55628125;
0.58984375;0.51017578125;0.49486328125;2.113921672142857;0.0822378229285714;2.407486412142857;0.53315625;0.52596875;0.55565625;
0.5921875;0.511337890625;0.494287109375;2.0982839485714284;0.30718066892857143;2.544574345;0.53828125;0.528734375;0.554625;
0.594453125;0.511650390625;0.492177734375;2.096117157857143;0.5613890451857143;2.640394572142857;0.54390625;0.5318125;0.553125;
0.595234375;0.5100390625;0.48927734375;2.0889075035714284;0.8161858618571428;2.654615532857143;0.549875;0.535125;0.551;
0.584296875;0.508994140625;0.4603125;2.1482770364285715;1.7181447192857142;2.1466875107142855;0.55665625;0.539625;0.5481875;
0.508076171875;0.52595703125;0.6815625;-1.4082554092857142;-3.859948769285714;2.6337523885714287;0.5756875;0.53946875;0.53409375;
0.6659375;0.66515625;0.3128125;0.9929576760714286;7.786864528571429;4.901417727142857;0.4989921875;0.490515625;0.501822265625;
0.639375;0.429140625;0.35046875;5.548027038571429;3.9290960321428567;1.4123054921428573;0.4943515625;0.50084375;0.4988935546875;
0.5022399902345001;0.70578125;0.346328125;-2.671637801428571;6.961102828571429;1.8584833271428571;0.494203125;0.49215234375;0.500818359375;
0.47943359375;0.638203125;0.390390625;-1.9306889371428573;4.940696234285715;0.7701846628571428;0.497587890625;0.50665625;0.501638671875;
0.483740234375;0.482470703125;0.554453125;0.16539080371428574;-1.1626023250000002;0.32381890357142856;0.50116015625;0.5073203125;0.49922607421875;
0.516689453125;0.55359375;0.4784375;-0.23932231571428564;1.7500874214285715;1.3463580885714286;0.50426171875;0.4880078125;0.49992742919921873;
0.52701171875;0.53419921875;0.649765625;-1.0882446571428572;-2.8693026285714285;2.875131422142857;0.50416796875;0.506;0.49925;
0.547890625;0.52609375;0.627734375;-0.34787094571428573;-2.3683977714285716;3.0363920742857142;0.5105625;0.49967431640625;0.49714453125;
0.5744921875;0.5255078125;0.5364453125;0.8517852254285715;0.06576913699999996;2.843730429285714;0.5135;0.50478125;0.4982373046875;
0.558828125;0.4723046875;0.5525390625;1.700391695;-0.9991332771428573;1.8485209042857143;0.5158828125;0.4979453125;0.4966015625;
0.5507421875;0.508115234375;0.4720703125;1.331761027142857;1.47374146;1.5020724678571429;0.51296875;0.49928857421875;0.4957265625;
0.5521484375;0.4689453125;0.4575390625;2.325077645;1.4886831092857142;0.8416149396428572;0.5106015625;0.502458984375;0.495328125;
0.548828125;0.4610546875;0.4366015625;2.565510305;1.9821585449999999;0.47768387900000003;0.5093046875;0.5015087890625;0.496193359375;
0.538046875;0.5018395996095;0.4369140625;1.4491562414285715;2.3358153342857144;0.8312845045;0.50694140625;0.50734765625;0.497607421875;
0.53197265625;0.505859375;0.485;0.9894462380714285;1.0666591795;1.12537124;0.50565234375;0.50744921875;0.49546484375;
0.5351953125;0.5215625;0.4919189453125;0.6634081092142857;1.0358658319285714;1.49167556;0.50543359375;0.507453125;0.49455078125;
0.5360546875;0.5202734375;0.52419921875;0.573967812;0.15848871942857146;1.752443605;0.5084765625;0.50809375;0.491765625;
0.534140625;0.52140625;0.53962890625;0.48769598782857143;-0.25380092857142855;1.8565742214285716;0.511640625;0.512625;0.4916484375;
0.536640625;0.518994140625;0.53130859375;0.6575919292857143;-0.028697120142857135;1.8019940535714285;0.512609375;0.5156171875;0.49075;
0.53748046875;0.5043188476575;0.52453125;1.0522565362142857;0.06798317314285714;1.5063539514285715;0.51609375;0.51984375;0.49059375;
0.535625;0.507314453125;0.5056396484375;1.0151503767857142;0.6178775382142856;1.3376348978571428;0.51825;0.525421875;0.487390625;
0.534765625;0.507734375;0.495412597655;1.0062589129285715;0.9225526207142857;1.2145836907142857;0.51821875;0.52940625;0.4885234375;
0.535234375;0.505712890625;0.487470703125;1.0508522087142858;1.1639608742857144;1.0796840637142857;0.514609375;0.53415625;0.4863671875;
0.53525390625;0.5067578125;0.4845703125;1.0180448106428572;1.2800887557142855;1.0362554217142859;0.5098359375;0.532625;0.486703125;
0.5341796875;0.506005859375;0.494794921875;1.0488792510714287;1.029632406;1.0793073062142857;0.50684375;0.531703125;0.48534375;
0.53392578125;0.5059228515625;0.503981933595;1.0971779790714284;0.8242901899999999;1.1492327792142858;0.50514453125;0.5313125;0.4851171875;
0.53515625;0.5026708984375;0.512216796875;1.2477467042857144;0.6518646733571429;1.1731657832857143;0.5052109375;0.5314375;0.48421875;
0.53560546875;0.50030654907225;0.5170703125;1.3547118592857144;0.56653558375;1.1619804364285713;0.507640625;0.5315625;0.4841640625;
0.53544921875;0.50150146484375;0.51576171875;1.3423097128571428;0.6448941347857143;1.1356755140714285;0.5098984375;0.5315625;0.482578125;
0.53515625;0.50220703125;0.511181640625;1.2995326185714287;0.7926004627142857;1.0531688504999999;0.5118671875;0.531265625;0.483640625;
0.5344140625;0.5043676757825;0.5034521484375;1.1790673409285717;1.0051749498571427;0.9537048370714286;0.513;0.530578125;0.481765625;
0.53279296875;0.506533203125;0.4976171875;1.0471864767142858;1.1485961645;0.8726977733571428;0.5128515625;0.529671875;0.480828125;
0.53091796875;0.507998046875;0.4952099609375;0.9543924315714286;1.198609866142857;0.8245068403571428;0.5122421875;0.528609375;0.48096875;
0.5295703125;0.5081396484375;0.4959228515625;0.9318206697142858;1.1784959662142858;0.7954876570714285;0.511640625;0.5275625;0.48084375;
0.52845703125;0.5070751953125;0.49973922729500003;0.9785959347142857;1.090089551642857;0.7817330413571428;0.5121015625;0.5266875;0.4801875;
0.5275390625;0.50646484375;0.504372558595;1.042358772;0.9934947772142857;0.7907000833571428;0.513265625;0.525921875;0.4795625;
0.52716796875;0.505966796875;0.5082861328125;1.1108071705;0.9253000772857143;0.7941890305;0.5152421875;0.52534375;0.47940625;
0.52681640625;0.5059375;0.5098193359375;1.1376959922857144;0.9074439462857143;0.777653189;0.51746875;0.524734375;0.47934375;
0.52689453125;0.5067529296875;0.5089013671875;1.1206947259285713;0.9485886214285715;0.7539565167857142;0.51921875;0.524078125;0.47875;
0.52623046875;0.507314453125;0.507275390625;1.077231994857143;0.9825532549999999;0.7157865720714286;0.5205;0.52328125;0.47778125;
0.525078125;0.5071240234375;0.5043481445325;1.0014900629285715;1.0199845665714287;0.6485381037142857;0.521;0.522328125;0.477203125;
0.5240625;0.50654296875;0.50240356445325;0.9463988815714286;1.0366976936428571;0.5866953997857144;0.520625;0.521265625;0.47715625;
0.5234375;0.506787109375;0.5014013671875;0.9107828681428571;1.0493387147857143;0.5593883102214285;0.51990625;0.520234375;0.477109375;
0.5232421875;0.507177734375;0.501845703125;0.9137939917857142;1.0480038780714287;0.5480839282214286;0.51896875;0.51925;0.476671875;
0.52333984375;0.5076416015625;0.502751464845;0.9332266350714286;1.0464487919285714;0.5392492291642856;0.518390625;0.518359375;0.475484375;
0.5234765625;0.508154296875;0.50410888672;0.9646248647857143;1.039642620642857;0.5329206313142857;0.517640625;0.517578125;0.475765625;
0.523515625;0.50818359375;0.50546875;0.9958523444999999;1.02696471;0.5118726754285714;0.517296875;0.516921875;0.475890625;
0.523359375;0.507939453125;0.505986328125;1.0037221508571428;1.0194961957857143;0.4789282766571428;0.517171875;0.516171875;0.475484375;
0.523046875;0.507431640625;0.505771484375;0.9899855785;1.0154687302857144;0.4376182326285714;0.517203125;0.5154453125;0.475546875;
0.52263671875;0.507109375;0.505068359375;0.961729283;1.0163913854285713;0.4025200968571428;0.51725;0.5146875;0.475671875;
0.52240234375;0.5070751953125;0.50416748047;0.9308877487857142;1.0255328508571429;0.3749192863571429;0.517265625;0.5138828125;0.475453125;
0.52216796875;0.507080078125;0.50324951172;0.899158064857143;1.0340743877857144;0.3502394767142857;0.517109375;0.513046875;0.475078125;
0.5218359375;0.5069970703125;0.5027368164075;0.8754657640714286;1.0329049287857142;0.3268369815;0.51671875;0.512203125;0.47503125;
0.5213671875;0.5069677734375;0.502587890625;0.8594338694285715;1.0236223631428572;0.3084635985;0.51615625;0.511375;0.47528125;
0.520859375;0.5069580078125;0.5028369140625;0.8531925948571428;1.0078626469285714;0.2921286619285714;0.51546875;0.5105859375;0.4754375;
0.520234375;0.5068994140625;0.5034814453125;0.8553627452142857;0.9832257800714285;0.27628341107142856;0.5147265625;0.509859375;0.475234375;
0.51978515625;0.5071923828125;0.5043872070325001;0.8692597035;0.9632145120714285;0.2655568226428571;0.514015625;0.5091796875;0.475046875;
0.519462890625;0.5074951171875;0.504599609375;0.8673645907142857;0.9552961209285714;0.255061547;0.5130078125;0.50859375;0.475234375;
0.5190625;0.5076611328125;0.5049169921875;0.866190898642857;0.9424836560000001;0.24310695192857143;0.511875;0.5080625;0.475546875;
0.518603515625;0.5080322265625;0.5045849609375;0.8508525155;0.9401556926428571;0.24011467721428573;0.5105859375;0.507578125;0.475609375;
0.51822265625;0.50796875;0.504099121095;0.8273574574285714;0.9351336039285715;0.2282627335;0.509171875;0.5071328125;0.4755;
0.517822265625;0.5077734375;0.5035693359375;0.8008610377857144;0.9281348968571429;0.21596084164285714;0.50758203125;0.50671875;0.47553125;
0.51740234375;0.5076708984375;0.5031762695325;0.7787432734285713;0.9203905930714286;0.20707187957142859;0.50591015625;0.5063828125;0.475921875;
0.517060546875;0.5074267578125;0.503063964845;0.7621012649285713;0.9080801579285714;0.19391245128571427;0.50429296875;0.506078125;0.476296875;
0.516806640625;0.50712890625;0.503037109375;0.7470819282142857;0.8951272452857143;0.17872395142857145;0.50282421875;0.5058203125;0.47640625;
0.51654296875;0.50689453125;0.5031567382825;0.7363198145000001;0.8808620582857142;0.16505789385714284;0.5016220703125;0.505625;0.476390625;
0.516220703125;0.506728515625;0.5034130859375;0.7296979645;0.8648778532857143;0.1540633941428571;0.500625;0.5054765625;0.476625;
0.51595703125;0.506533203125;0.5036059570325;0.7214763920714286;0.8501199082857143;0.14277325371428573;0.49988275146484373;0.50536328125;0.477046875;
0.515732421875;0.5063916015625;0.5036279296875;0.710039949;0.8390344138571428;0.13347728542857146;0.49941455078125;0.5052734375;0.477296875;
0.51546875;0.506220703125;0.503525390625;0.6951668381428572;0.8279818634285714;0.1262382415;0.4991943359375;0.505203125;0.47728125;
0.51529296875;0.5061572265625;0.5031372070325;0.6749302342142858;0.8236117645714286;0.1210400094285714;0.4991298828125;0.50510546875;0.4770625;
0.5151171875;0.506015625;0.5026953125;0.6526106017142858;0.8181684397857142;0.11631381571428574;0.49902783203125;0.505046875;0.47796875;
0.51494140625;0.505849609375;0.502236328125;0.6295851907857143;0.8118333044285714;0.11198877264285713;0.49913671875;0.50494140625;0.477625;
0.51478515625;0.505693359375;0.50179809570325;0.6074137806428571;0.8053247332142858;0.10796458550000002;0.499220703125;0.504828125;0.477734375;
0.514638671875;0.505419921875;0.5016052246095;0.5899835389285714;0.7931158021428572;0.10146167;0.4993251953125;0.5047109375;0.478078125;
0.51455078125;0.5053173828125;0.5014501953125;0.5760271395714286;0.7847841397857143;0.09577591078571426;0.4994345703125;0.50458984375;0.47834375;
0.51443359375;0.505048828125;0.50154296875;0.5661776264571429;0.7690277572142857;0.08789423221428569;0.49963330078125;0.5044765625;0.47834375;
0.514375;0.5048828125;0.50168090820325;0.5588635425928572;0.7554600718571429;0.07967217028571427;0.4998878173828125;0.50437109375;0.4783125;
0.51427734375;0.5046728515625;0.5018896484375;0.5530574147714286;0.7393762462142858;0.07216457121428571;0.5000985717773437;0.504265625;0.478515625;
0.514228515625;0.504541015625;0.5020068359375;0.5460841438357142;0.7265613677142857;0.06534556049999998;0.500333984375;0.5041640625;0.4788125;
0.514130859375;0.5043579101575;0.50204223632825;0.5368030899428572;0.7127518592142857;0.06074664099999998;0.50054296875;0.50407421875;0.4789375;
0.514013671875;0.504228515625;0.50194946289075;0.5253625800785714;0.7013198691428572;0.058654851785714265;0.5007529296875;0.50396484375;0.478890625;
0.51390625;0.5040942382825;0.50183227539075;0.5134228988214286;0.6899999750714286;0.0570762615;0.50085498046875;0.50385546875;0.4789375;
0.513828125;0.50393310547;0.50166137695325;0.49988715300092856;0.6787985233571429;0.055733880857142856;0.50084716796875;0.50375;0.47915625;
0.513720703125;0.5038037109375;0.5014489746095;0.486199378;0.668668753;0.05632845114285712;0.50071435546875;0.503650390625;0.47940625;
0.513544921875;0.503720703125;0.501235961914;0.47382730104285714;0.6593143873571428;0.059452025214285706;0.50052197265625;0.5035546875;0.47946875;
0.513330078125;0.503669433595;0.5010833740235;0.4638895896;0.6499762085714286;0.06359637821428571;0.50021923828125;0.50347265625;0.47946875;
0.51314453125;0.5037329101575;0.50089050292975;0.4543980449142857;0.6444190894285714;0.0678361124285714;0.4998065185546875;0.503404296875;0.479609375;
0.512939453125;0.503884277345;0.50086120605475;0.4503413344928571;0.6395333350714285;0.0712712305714286;0.49930859375;0.50336328125;0.479890625;
0.512783203125;0.504033203125;0.50085266113275;0.44645516550714287;0.6348196042857143;0.07328952707142856;0.4988154296875;0.5033359375;0.48009375;
0.512548828125;0.50421875;0.50087585449225;0.44454954106428574;0.6307128231428571;0.07708324492857141;0.4982060546875;0.5033359375;0.480109375;
0.51236328125;0.5040869140625;0.50083984375;0.4373210531785714;0.61929269;0.08096894985714288;0.497689453125;0.503365234375;0.480140625;
0.5120703125;0.503974609375;0.5008154296875;0.4320239751714286;0.6083924185714286;0.08798123242857141;0.4972109375;0.503400390625;0.480328125;
0.511787109375;0.5039306640625;0.50078125;0.4274465282857143;0.5998461920714285;0.09496324428571429;0.496701171875;0.5034609375;0.48059375;
0.511689453125;0.5037133789075;0.50077331542975;0.4199895562857143;0.5867322409285713;0.09786602671428571;0.496287109375;0.503541015625;0.48071875;
0.51146484375;0.5035766601575;0.500571899414;0.4103651645714286;0.5779718590714286;0.10624247857142856;0.49595703125;0.50362890625;0.480734375;
0.511171875;0.503310546875;0.5003189086915;0.3995727943571429;0.5666854196214286;0.1181144677142857;0.495671875;0.50371484375;0.480953125;
0.510830078125;0.503063964845;0.50008224487305;0.39045111628571433;0.5560358304928571;0.13145941642857145;0.4955078125;0.503794921875;0.48078125;
0.510673828125;0.5029443359375;0.499877243042;0.3812725123571429;0.5483601389928572;0.1393331410714286;0.49525;0.503875;0.48109375;
0.510361328125;0.5026489257825;0.499786376953125;0.37599777607142854;0.5355996222428572;0.15151576564285713;0.49517578125;0.5039765625;0.481234375;
0.51013671875;0.5026513671875;0.49957916259775;0.36934572135714283;0.5319769331642857;0.160858645;0.495109375;0.5040625;0.48153125;
0.5099072265625;0.5025439453125;0.49971572875974996;0.3706435058571429;0.5224275009428572;0.16734763807142858;0.495125;0.50416015625;0.4816875;
0.509697265625;0.5026611328125;0.499688873291;0.36934447942857146;0.5205751597428572;0.17336444492857142;0.49525390625;0.50423828125;0.481734375;
0.5094677734375;0.502607421875;0.499711303711;0.3687410667857143;0.5141238384071429;0.18085376499999997;0.49540625;0.5043359375;0.4818125;
0.50921875;0.502712402345;0.49968856811525003;0.36839501457142854;0.5127289575071429;0.18778336507142857;0.495625;0.50441015625;0.482015625;
0.5089697265625;0.5028466796875;0.49966674804675;0.36835069607142856;0.5124230531214286;0.19426751957142857;0.49584375;0.504484375;0.482234375;
0.50873046875;0.5028125;0.49959136962899997;0.36638434435714284;0.5084249031928572;0.20298164435714286;0.4960859375;0.5045390625;0.48234375;
0.5085107421875;0.5028002929700001;0.49957397460925;0.36583955485714287;0.5045801162542857;0.21026371114285716;0.496365234375;0.50457421875;0.482359375;
0.508330078125;0.502822265625;0.49959747314450004;0.365974221;0.501192382815;0.21569778207142856;0.4966171875;0.504609375;0.4825;
0.5081787109375;0.502705078125;0.49963562011725;0.36586522692857143;0.49411640301142856;0.22202794257142858;0.49685546875;0.50462890625;0.482703125;
0.5079541015625;0.50250732422;0.49967254638674996;0.3670748502142857;0.48603076776428566;0.2310811662857143;0.49708984375;0.5046484375;0.482890625;
0.5076611328125;0.50225830078125;0.499756164550775;0.37082240685714285;0.47732857367857146;0.24169309857142857;0.49737890625;0.50465234375;0.482953125;
0.507646484375;0.50204345703125;0.49979705810547503;0.36939898042857144;0.4672014161357143;0.24680353914285713;0.497640625;0.50466015625;0.483015625;
0.5073974609375;0.50214599609375;0.500056381225575;0.37735997899999996;0.46586755284285714;0.24905041507142855;0.497943359375;0.5046328125;0.483203125;
0.5073876953125;0.50214477539075;0.500128860473625;0.37701950778571425;0.4610197382642857;0.25058674164285716;0.4981181640625;0.5046015625;0.4834375;
0.50734375;0.502010498047;0.500197296142575;0.3773486776428572;0.45350083;0.25493109985714285;0.4984052734375;0.504578125;0.483578125;
0.50716796875;0.5020837402345;0.500147018432625;0.37724960657142853;0.4538446674785714;0.2603251419285714;0.4986591796875;0.50454296875;0.483640625;
0.5070361328125;0.50216552734375;0.500141220092775;0.3774659972857143;0.4535649526;0.26398811471428574;0.498826171875;0.5045;0.48371875;
0.507001953125;0.5020446777345;0.500041198730475;0.37430339085714287;0.44820814417142857;0.2706015000714286;0.498966796875;0.50444140625;0.48390625;
0.506923828125;0.50180786132825;0.499874877929675;0.3709307533571429;0.44162476596428574;0.28109772421428575;0.4990693359375;0.50437890625;0.4840625;
0.506796875;0.50162719726575;0.499832000732425;0.37135388721428575;0.43615648342857144;0.2897516843571428;0.49917578125;0.50430859375;0.48396875;
0.5066796875;0.5014196777345;0.49977294921875;0.37159677807142855;0.4303800364285714;0.29904887742857145;0.49920263671875;0.50424609375;0.484046875;
0.5066064453125;0.501128540039;0.49975662231445;0.3725846899285714;0.42201674521428567;0.30856872571428573;0.4992197265625;0.50417578125;0.4842734375;
0.5065185546875;0.5009521484375;0.49974304199225;0.373761305;0.4166854297142857;0.3163064350714286;0.49920947265625;0.5041171875;0.4845;
0.50642578125;0.50090637207025;0.49975357055665;0.3752002834285714;0.41422878914285716;0.32135580799999997;0.49916357421875;0.50405078125;0.4846015625;
0.5063818359375;0.50089660644525;0.499732208252;0.37500037957142857;0.4121767750714286;0.3254978026428571;0.49908984375;0.50401171875;0.4847890625;
0.5063330078125;0.50093566894525;0.4995697021485;0.3716685103571429;0.4126904884285714;0.33103016121428575;0.498990234375;0.503970703125;0.4849921875;
0.5062744140625;0.501021118164;0.4993701171875;0.3675261497857143;0.41476889407142853;0.33638275757142855;0.49885546875;0.5039140625;0.485125;
0.5061572265625;0.5010583496095;0.49918701171875;0.36512687035714286;0.41686113414285714;0.3431360565;0.49869140625;0.503859375;0.4851953125;
0.50603515625;0.5010443115235;0.49892272949225003;0.3615044962857143;0.4189895335714286;0.35223609685714286;0.498525390625;0.503798828125;0.4853359375;
0.5059375;0.500903930664;0.49877319335925;0.36086751107142856;0.4173139097857143;0.36164244607142854;0.49837109375;0.503732421875;0.48553125;
0.5058447265625;0.500859375;0.49872314453125;0.361725727;0.41659994300000003;0.3673764082857143;0.4982734375;0.503673828125;0.4857265625;
0.5057568359375;0.500750732422;0.49878112792975;0.3653448184285714;0.4136874247857143;0.3724912595714286;0.498216796875;0.503603515625;0.4858515625;
0.505673828125;0.50056640625;0.4988372802735;0.3695833394285714;0.4095134783571428;0.3790877949285715;0.4982431640625;0.503541015625;0.4859453125;
0.505546875;0.50039642333975;0.498872680664;0.3742373407857143;0.40692425400000004;0.38611011407142853;0.498310546875;0.503478515625;0.4861171875;
0.5054052734375;0.5003030395507501;0.4989263916015;0.37899794935714287;0.4060251665;0.3912388247857143;0.498423828125;0.503408203125;0.4863125;
0.5052734375;0.50024337768555;0.49889831542975;0.3816925190714286;0.4065303219285714;0.3968344390714285;0.4985380859375;0.50333203125;0.486484375;
0.505107421875;0.500186767578125;0.498818359375;0.3839890582142857;0.4085036306428571;0.4034186263571429;0.498646484375;0.503255859375;0.48659375;
0.504958496095;0.500222625732425;0.4987060546875;0.38447502621428575;0.4121278742142857;0.408311568;0.4986865234375;0.503169921875;0.48671875;
0.504833984375;0.50028579711925;0.49862182617175;0.3848163767142857;0.41547880192857145;0.4117931496428571;0.49866796875;0.503083984375;0.48690625;
0.504736328125;0.50032806396475;0.49856323242175;0.3854075478571429;0.41772913700000003;0.4149490274285714;0.498609375;0.50300390625;0.487109375;
0.5046484375;0.500330810547;0.498546142578;0.38709073092857144;0.4187908870714286;0.41805749414285714;0.4985185546875;0.502921875;0.4872421875;
0.5045434570325;0.5002662658692499;0.4985693359375;0.3906563982142857;0.41888392257142854;0.42191401507142856;0.49842578125;0.502845703125;0.48734375;
0.504423828125;0.50016021728515;0.49858276367175;0.3948218552857143;0.4189397795;0.4268074197857143;0.4983232421875;0.502765625;0.4875078125;
0.5043286132825;0.5000210189819325;0.49856201171875;0.39838192007142853;0.41851489007142856;0.4327826704428571;0.498240234375;0.50268359375;0.4877109375;
0.5042138671875;0.499924278259275;0.49852416992175;0.40150228849999997;0.4194713249285714;0.4381254938357143;0.4981904296875;0.502615234375;0.48790625;
0.5041064453125;0.49986717224120003;0.49849365234375;0.40419746207142854;0.4208486652857143;0.4423294245928571;0.498154296875;0.502541015625;0.48803125;
0.504091796875;0.49986503601075;0.49839111328125;0.40329201950000004;0.42169335199999997;0.4462115212;0.498154296875;0.502470703125;0.488078125;
0.504013671875;0.49982986450195;0.498310546875;0.4043224834285714;0.42340903121428575;0.4505698398857143;0.4981591796875;0.502400390625;0.48834375;
0.5039086914075;0.4998976135254;0.498173828125;0.40332861642857143;0.4277108310714286;0.4537026238357143;0.4981806640625;0.502302734375;0.48846875;
0.5038525390625;0.499864578247075;0.498057861328;0.403340856;0.4294649622357143;0.4584354244857143;0.4982158203125;0.502212890625;0.488625;
0.5037915039075;0.499823608398425;0.497969970703;0.4041073425;0.4310059669714285;0.46276238480000004;0.4982607421875;0.502119140625;0.4888125;
0.503759765625;0.499829406738275;0.49786010742175;0.40333599621428573;0.4326984352142857;0.4663584558142857;0.498345703125;0.50203125;0.4889921875;
0.50371826172;0.4997203063965;0.49770874023425;0.40369445985714286;0.4338877319785714;0.4731806016571429;0.4984462890625;0.501955078125;0.489140625;
0.503642578125;0.49967681884774995;0.4975537109375;0.4035813245;0.4367470815;0.4786140479428571;0.49858203125;0.501853515625;0.4892578125;
0.5035961914075;0.49958862304675;0.497451171875;0.4047061420714286;0.43792981991428576;0.4839340980642857;0.4987373046875;0.5017412109375;0.4894296875;
0.5035571289075;0.4994732666015;0.4973193359375;0.4056500744285714;0.43910259044285715;0.4903070752285715;0.49892578125;0.5016328125;0.489625;
0.5034985351575;0.49944854736325006;0.49728515625;0.40725141464285713;0.44060899085000005;0.4928125214285714;0.49912548828125;0.5015224609375;0.4897890625;
0.503447265625;0.49947357177725005;0.497314453125;0.4090677226428571;0.44170593767857147;0.4929745273942857;0.49933349609375;0.5013984375;0.4899140625;
0.50340576172;0.49944519042975;0.4973046875;0.4108754310714286;0.4425461035928572;0.49495107717500003;0.49952685546875;0.50128125;0.4900390625;
0.503359375;0.4993646240235;0.4973291015625;0.41423187114285714;0.44270609495714286;0.49732307404500004;0.499708251953125;0.5011708984375;0.490203125;
0.5032739257825;0.4993365478515;0.4973803710925;0.41772576949999995;0.4440181511142857;0.4979124626414286;0.49985693359375;0.5010478515625;0.49040625;
0.5032275390625;0.499310913086;0.49746826171749997;0.4212577476428571;0.44398355677857143;0.49774894192357144;0.49996017456053127;0.50093212890625;0.490546875;
0.5032153320325;0.4992877197265;0.49755126953125;0.42416868550000003;0.4431932076428572;0.49764500232500003;0.5000319519043125;0.50082177734375;0.490671875;
0.50321044922;0.49932006835925;0.4976135253905;0.4256234065;0.44287703274285717;0.4967296254;0.500043792724625;0.5007177734375;0.4908203125;
0.503203125;0.49934387207025;0.49768310546875;0.42737106221428567;0.44245309027857144;0.49582008288357143;0.5000291442871094;0.5006083984375;0.491;
0.50319091797;0.4993560791015;0.4977209472655;0.42880513161428574;0.44243146146428575;0.4957093416342857;0.4999786071777344;0.50050390625;0.491171875;
0.5031982421875;0.49932495117175;0.497725830078;0.43017086716428576;0.4420273964357143;0.49717887692571433;0.4999268188476563;0.5004150390625;0.4913125;
0.5032153320325;0.49931945800775;0.497686767578;0.43017285625;0.44206785505714286;0.498954558045;0.499868896484375;0.500323974609375;0.4914296875;
0.503239746095;0.4993127441405;0.4976025390625;0.42930865077857144;0.4424518061428572;0.5016243532664286;0.4998038330078125;0.500221923828125;0.4915859375;
0.503259277345;0.49925659179675;0.49750732421875;0.42924251769285715;0.4428209561142857;0.50550658954;0.499724365234375;0.500123046875;0.4917734375;
0.5032666015625;0.49912963867175;0.4974072265625;0.43059681944285716;0.4432206340214286;0.5108890504357143;0.4996591796875;0.5000216827392594;0.4919140625;
0.50326904297;0.498995361328;0.49735107421749997;0.4329745371928571;0.44324994294285713;0.5155353952;0.499617919921875;0.49991998291015627;0.492046875;
0.50326904297;0.4988677978515;0.49735595703;0.4363803125357143;0.4427140531857143;0.5188376337285714;0.4995888671875;0.499830322265625;0.49214453125;
0.503271484375;0.49875793457024997;0.49737548828;0.43970158184999997;0.4420773472;0.52145935955;0.49955029296875;0.49974609375;0.49237109375;
0.5032641601575;0.4986877441405;0.4973876953125;0.4422671224714286;0.44199058597857144;0.5233132931142856;0.49952685546875;0.499654541015625;0.49244921875;
0.5032275390625;0.498681640625;0.4973901367175;0.44374204357142855;0.44304530031428574;0.5238291530071428;0.4995029296875;0.499565673828125;0.492609375;
0.5031982421875;0.498764038086;0.49735595703;0.4427299359;0.4446586834928572;0.5232361613928571;0.49946630859375;0.499478515625;0.49277734375;
0.5032055664075;0.49891784667975;0.497307128905;0.4396185060214286;0.4456910968142857;0.5216762579714286;0.49942041015625;0.499400390625;0.49293359375;
0.5032080078125;0.4991021728515;0.497236328125;0.4355285724071429;0.4471208316642857;0.5199023807285714;0.499353515625;0.4993291015625;0.4930546875;
0.5032055664075;0.499263305664;0.497158203125;0.4317819290928572;0.44859972277857146;0.5187275708142857;0.4992880859375;0.4992509765625;0.493171875;
0.503232421875;0.49935363769525;0.4970874023425;0.42925626634285713;0.4489630573857143;0.5190485761857143;0.49922265625;0.4991767578125;0.49330859375;
0.5032470703125;0.49936828613274997;0.497041015625;0.42880303512142853;0.44911912505;0.5203441037214286;0.49917333984375;0.4991005859375;0.49344921875;
0.50324951172;0.49929382324225;0.49702392578;0.4307984394928571;0.44903570498571427;0.5227571590357143;0.49915380859375;0.49902783203125;0.4935703125;
0.503251953125;0.4991357421875;0.4970166015625;0.4346910270428571;0.44869608147857143;0.5266074414285714;0.499173828125;0.498953125;0.49367578125;
0.5032470703125;0.498975830078;0.4970288085925;0.43905672417857144;0.44837644799285714;0.5300140931;0.4992177734375;0.498884765625;0.49378515625;
0.503271484375;0.49885437011725;0.4970263671875;0.44212021094285714;0.44758407063571426;0.5331137074857143;0.4992685546875;0.4988173828125;0.4939375;
0.5032934570325001;0.4987939453125;0.497001953125;0.44356743067142856;0.44723536792142854;0.5353919116785715;0.49933447265625;0.4987607421875;0.49408203125;
0.5033251953125;0.498794555664;0.4969506835925;0.4431923632785715;0.44702637027142855;0.5370583956785714;0.49938134765625;0.4986943359375;0.49420703125;
0.5033740234375;0.49884033203125;0.496896972655;0.4416846581857143;0.4464307536428571;0.5380282402;0.4994111328125;0.498638671875;0.49430859375;
0.50338623047;0.49891479492175;0.496826171875;0.43958230921428576;0.4469782380642857;0.5384951356357143;0.49939404296875;0.4985859375;0.49443359375;
0.5034228515625;0.498935546875;0.496796875;0.43912628751428573;0.4463350236714286;0.5393817953857143;0.499375;0.4985283203125;0.494578125;
0.50342529297;0.4989123535155;0.4967724609375;0.4399649684857143;0.4464924916214286;0.5407310217928571;0.499341796875;0.4984765625;0.49469921875;
0.5033935546875;0.49883972167975;0.49679931640499997;0.44301279079285716;0.4469517536714286;0.5417132145;0.499326171875;0.4984248046875;0.494796875;
0.50333984375;0.49877197265625;0.496826171875;0.4461133920714285;0.4480094121928571;0.5423828638285715;0.49932373046875;0.4983740234375;0.4948984375;
0.5032958984375;0.49871826171875;0.4968505859375;0.44877518782857145;0.44885511034285713;0.5428781287785714;0.49933935546875;0.4983212890625;0.49503125;
0.50326171875;0.49872314453125;0.49686767578;0.4499524154571428;0.4495256421428571;0.5424686530714286;0.49936474609375;0.49828515625;0.49516796875;
0.5032055664075;0.49882141113275;0.496877441405;0.4491079783642857;0.45081244411428567;0.5402508835428571;0.49940185546875;0.4982470703125;0.49527734375;
0.503181152345;0.498901977539;0.4968725585925;0.4481304821857143;0.45140052680000003;0.5389220297928571;0.49943603515625;0.498212890625;0.49540234375;
0.503142089845;0.49898620605475;0.4968334960925;0.4465529584071429;0.4527184569428572;0.5380764141714286;0.4994658203125;0.4981748046875;0.49546484375;
